Workbook
Name College: #REF!
Name College: #REF!
Name College: #REF!
Name College: #REF!
Name College: #REF!
Name College: #REF!
Name College: #REF!
Name College: #REF!
Name College: #REF!
Name College: #REF!
Name d: #REF!
Name d: #REF!
Name d: #REF!
Name d: #REF!
Name d: #REF!
Name d: #REF!
Name d: #REF!
Name d: #REF!
Name d: #REF!
Name JR_PAGE_ANCHOR_0_1: #REF!
Name JR_PAGE_ANCHOR_0_1: #REF!

Sheet 1UniNo
B1: Table | C1: 1. State & Type-wise Number of Universities
A2: Sl. No. | B2: State/UTs | C2: Central University | D2: Central Open University | E2: Institute of National Importance | F2: State Public University | G2: Institute under State Legislature Act | H2: State Open University | I2: State Private University | J2: State Private Open University | K2: Deemed University-Government | L2: Deemed University-Government Aided | M2: Deemed University-Private | N2: Grand Total
A3: 1 | B3: 2 | C3: 3 | D3: 4 | E3: 5 | F3: 6 | G3: 7 | H3: 8 | I3: 9 | J3: 10 | K3: 11 | L3: 12 | M3: 13 | N3: 14
A4: 1 | B4: Andhra Pradesh | C4: 1 | E4: 9 | F4: 22 | G4: 1 | I4: 3 | K4: 1 | M4: 4 | N4: =SUM(C4:M4) -> 41
A5: 2 | B5: Arunachal Pradesh | C5: 1 | E5: 1 | I5: 6 | J5: 1 | K5: 1 | N5: =SUM(C5:M5) -> 10
A6: 3 | B6: Assam | C6: 2 | E6: 4 | F6: 12 | H6: 1 | I6: 6 | K6: 1 | N6: =SUM(C6:M6) -> 26
A7: 4 | B7: Bihar | C7: 4 | E7: 5 | F7: 17 | G7: 1 | H7: 1 | I7: 6 | K7: 1 | N7: =SUM(C7:M7) -> 35
A8: 5 | B8: Chandigarh | E8: 1 | F8: 1 | K8: 1 | N8: =SUM(C8:M8) -> 3
A9: 6 | B9: Chhattisgarh | C9: 1 | E9: 4 | F9: 13 | H9: 1 | I9: 9 | N9: =SUM(C9:M9) -> 28
A10: 7 | B10: Delhi | C10: 5 | D10: 1 | E10: 5 | F10: 8 | K10: 7 | L10: 1 | M10: 1 | N10: =SUM(C10:M10) -> 28
A11: 8 | B11: Goa | E11: 2 | F11: 1 | N11: =SUM(C11:M11) -> 3
A12: 9 | B12: Gujarat | C12: 1 | E12: 6 | F12: 28 | H12: 1 | I12: 37 | K12: 1 | L12: 1 | M12: 1 | N12: =SUM(C12:M12) -> 76
A13: 10 | B13: Haryana | C13: 1 | E13: 5 | F13: 18 | I13: 23 | K13: 3 | M13: 3 | N13: =SUM(C13:M13) -> 53
A14: 11 | B14: Himachal Pradesh | C14: 1 | E14: 4 | F14: 5 | I14: 17 | N14: =SUM(C14:M14) -> 27
A15: 12 | B15: Jammu and Kashmir | C15: 2 | E15: 3 | F15: 9 | G15: 1 | N15: =SUM(C15:M15) -> 15
A16: 13 | B16: Jharkhand | C16: 1 | E16: 5 | F16: 11 | I16: 14 | M16: 1 | N16: =SUM(C16:M16) -> 32
A17: 14 | B17: Karnataka | C17: 1 | E17: 4 | F17: 30 | H17: 1 | I17: 18 | K17: 4 | M17: 11 | N17: =SUM(C17:M17) -> 69
A18: 15 | B18: Kerala | C18: 1 | E18: 6 | F18: 13 | K18: 2 | M18: 1 | N18: =SUM(C18:M18) -> 23
A19: 16 | B19: Ladakh | K19: 1 | N19: =SUM(C19:M19) -> 1
A20: 17 | B20: Madhya Pradesh | C20: 2 | E20: 8 | F20: 21 | H20: 1 | I20: 33 | K20: 1 | N20: =SUM(C20:M20) -> 66
A21: 18 | B21: Maharashtra | C21: 1 | E21: 8 | F21: 23 | H21: 1 | I21: 11 | K21: 7 | L21: 2 | M21: 12 | N21: =SUM(C21:M21) -> 65
A22: 19 | B22: Manipur | C22: 3 | E22: 2 | F22: 3 | N22: =SUM(C22:M22) -> 8
A23: 20 | B23: Meghalaya | C23: 1 | E23: 2 | I23: 7 | N23: =SUM(C23:M23) -> 10
A24: 21 | B24: Mizoram | C24: 1 | E24: 1 | I24: 1 | N24: =SUM(C24:M24) -> 3
A25: 22 | B25: Nagaland | C25: 1 | E25: 1 | I25: 3 | N25: =SUM(C25:M25) -> 5
A26: 23 | B26: Odisha | C26: 1 | E26: 5 | F26: 16 | H26: 1 | I26: 6 | M26: 3 | N26: =SUM(C26:M26) -> 32
A27: 24 | B27: Puducherry | C27: 1 | E27: 2 | M27: 1 | N27: =SUM(C27:M27) -> 4
A28: 25 | B28: Punjab | C28: 1 | E28: 5 | F28: 9 | I28: 15 | K28: 1 | M28: 1 | N28: =SUM(C28:M28) -> 32
A29: 26 | B29: Rajasthan | C29: 1 | E29: 5 | F29: 25 | H29: 1 | I29: 50 | M29: 7 | N29: =SUM(C29:M29) -> 89
A30: 27 | B30: Sikkim | C30: 1 | E30: 1 | F30: 1 | I30: 5 | N30: =SUM(C30:M30) -> 8
A31: 28 | B31: Tamil Nadu | C31: 2 | E31: 7 | F31: 21 | H31: 1 | L31: 2 | M31: 26 | N31: =SUM(C31:M31) -> 59
A32: 29 | B32: Telangana | C32: 3 | E32: 2 | F32: 15 | G32: 1 | H32: 1 | M32: 2 | N32: =SUM(C32:M32) -> 24
A33: 30 | B33: Tripura | C33: 1 | E33: 1 | F33: 1 | I33: 1 | N33: =SUM(C33:M33) -> 4
A34: 31 | B34: Uttar Pradesh | C34: 4 | E34: 9 | F34: 28 | G34: 1 | H34: 1 | I34: 29 | K34: 2 | L34: 3 | M34: 4 | N34: =SUM(C34:M34) -> 81
A35: 32 | B35: Uttarakhand | C35: 1 | E35: 4 | F35: 10 | H35: 1 | I35: 17 | K35: 1 | L35: 1 | M35: 1 | N35: =SUM(C35:M35) -> 36
A36: 33 | B36: West Bengal | C36: 1 | E36: 8 | F36: 25 | H36: 1 | I36: 10 | K36: 1 | M36: 1 | N36: =SUM(C36:M36) -> 47
A37: All India | C37: =SUM(C4:C36) -> 48 | D37: =SUM(D4:D36) -> 1 | E37: =SUM(E4:E36) -> 135 | F37: =SUM(F4:F36) -> 386 | G37: =SUM(G4:G36) -> 5 | H37: =SUM(H4:H36) -> 14 | I37: =SUM(I4:I36) -> 327 | J37: =SUM(J4:J36) -> 1 | ... N37: =SUM(N4:N36) -> 1043
A38: In UTs of Andaman & Nicobar Islands, Dadra & Nagar Haveli, Daman & Diu and Lakshadweep, there is no University.

Sheet 1InsResponse
B1: Table 1a. | C1: Total Number of Institutions Registered and Responded in AISHE 2019-20
A2: Sl. No. | B2: State/UTs | C2: Unversities | F2: Colleges | I2: Stand Alone Institutions | L2: Total
C3: Registered | D3: Responded | E3: % of Response | F3: Registered | G3: Responded | H3: % of Response | I3: Registered | J3: Responded | K3: % of Response | L3: Registered | M3: Responded | N3: % of Response
A4: 1 | B4: 2 | C4: 3 | D4: 4 | E4: 5 | F4: 6 | G4: 7 | H4: 8 | I4: 9 | J4: 10 | K4: 11 | L4: 12 | M4: 13 | N4: 14
A5: 1 | B5: Andaman and Nicobar Islands | C5: =SUMIF('1UniNo'!B:B,B5,'1UniNo'!N:N) -> 0 | D5: =SUMIF('2University-Specialisation'!B:B,B5,'2University-Specialisation'!W:W) -> 0 | E5: 0 | F5: =SUMIF('8CollegeAct'!B:B,B5,'8CollegeAct'!C:C) -> 8 | G5: =SUMIF('5ManagementCollegeNo'!B:B,B5,'5ManagementCollegeNo'!G:G) -> 8 | H5: =G5/F5% -> 100 | I5: =SUMIF('9AllSAAct'!$B:$B,$B5,'9AllSAAct'!AS:AS) -> 1 | J5: =SUMIF('9AllSAAct'!$B:$B,$B5,'9AllSAAct'!AT:AT) -> 1 | K5: =J5/I5% -> 100 | L5: =C5+F5+I5 -> 9 | M5: =D5+G5+J5 -> 9 | N5: =M5/L5% -> 100
A6: 2 | B6: Andhra Pradesh | C6: =SUMIF('1UniNo'!B:B,B6,'1UniNo'!N:N) -> 41 | D6: =SUMIF('2University-Specialisation'!B:B,B6,'2University-Specialisation'!W:W) -> 39 | E6: =D6/C6% -> 95.121951 | F6: =SUMIF('8CollegeAct'!B:B,B6,'8CollegeAct'!C:C) -> 2750 | G6: =SUMIF('5ManagementCollegeNo'!B:B,B6,'5ManagementCollegeNo'!G:G) -> 2501 | H6: =G6/F6% -> 90.945455 | I6: =SUMIF('9AllSAAct'!$B:$B,$B6,'9AllSAAct'!AS:AS) -> 843 | J6: =SUMIF('9AllSAAct'!$B:$B,$B6,'9AllSAAct'!AT:AT) -> 646 | K6: =J6/I6% -> 76.631079 | L6: =C6+F6+I6 -> 3634 | M6: =D6+G6+J6 -> 3186 | N6: =M6/L6% -> 87.671987
A7: 3 | B7: Arunachal Pradesh | C7: =SUMIF('1UniNo'!B:B,B7,'1UniNo'!N:N) -> 10 | D7: =SUMIF('2University-Specialisation'!B:B,B7,'2University-Specialisation'!W:W) -> 10 | E7: =D7/C7% -> 100 | F7: =SUMIF('8CollegeAct'!B:B,B7,'8CollegeAct'!C:C) -> 39 | G7: =SUMIF('5ManagementCollegeNo'!B:B,B7,'5ManagementCollegeNo'!G:G) -> 38 | H7: =G7/F7% -> 97.435897 | I7: =SUMIF('9AllSAAct'!$B:$B,$B7,'9AllSAAct'!AS:AS) -> 13 | J7: =SUMIF('9AllSAAct'!$B:$B,$B7,'9AllSAAct'!AT:AT) -> 6 | K7: =J7/I7% -> 46.153846 | L7: =C7+F7+I7 -> 62 | M7: =D7+G7+J7 -> 54 | N7: =M7/L7% -> 87.096774
A8: 4 | B8: Assam | C8: =SUMIF('1UniNo'!B:B,B8,'1UniNo'!N:N) -> 26 | D8: =SUMIF('2University-Specialisation'!B:B,B8,'2University-Specialisation'!W:W) -> 26 | E8: =D8/C8% -> 100 | F8: =SUMIF('8CollegeAct'!B:B,B8,'8CollegeAct'!C:C) -> 558 | G8: =SUMIF('5ManagementCollegeNo'!B:B,B8,'5ManagementCollegeNo'!G:G) -> 533 | H8: =G8/F8% -> 95.519713 | I8: =SUMIF('9AllSAAct'!$B:$B,$B8,'9AllSAAct'!AS:AS) -> 92 | J8: =SUMIF('9AllSAAct'!$B:$B,$B8,'9AllSAAct'!AT:AT) -> 74 | K8: =J8/I8% -> 80.434783 | L8: =C8+F8+I8 -> 676 | M8: =D8+G8+J8 -> 633 | N8: =M8/L8% -> 93.639053
A9: 5 | B9: Bihar | C9: =SUMIF('1UniNo'!B:B,B9,'1UniNo'!N:N) -> 35 | D9: =SUMIF('2University-Specialisation'!B:B,B9,'2University-Specialisation'!W:W) -> 35 | E9: =D9/C9% -> 100 | F9: =SUMIF('8CollegeAct'!B:B,B9,'8CollegeAct'!C:C) -> 874 | G9: =SUMIF('5ManagementCollegeNo'!B:B,B9,'5ManagementCollegeNo'!G:G) -> 863 | H9: =G9/F9% -> 98.741419 | I9: =SUMIF('9AllSAAct'!$B:$B,$B9,'9AllSAAct'!AS:AS) -> 166 | J9: =SUMIF('9AllSAAct'!$B:$B,$B9,'9AllSAAct'!AT:AT) -> 158 | K9: =J9/I9% -> 95.180723 | L9: =C9+F9+I9 -> 1075 | M9: =D9+G9+J9 -> 1056 | N9: =M9/L9% -> 98.232558
A10: 6 | B10: Chandigarh | C10: =SUMIF('1UniNo'!B:B,B10,'1UniNo'!N:N) -> 3 | D10: =SUMIF('2University-Specialisation'!B:B,B10,'2University-Specialisation'!W:W) -> 3 | E10: =D10/C10% -> 100 | F10: =SUMIF('8CollegeAct'!B:B,B10,'8CollegeAct'!C:C) -> 25 | G10: =SUMIF('5ManagementCollegeNo'!B:B,B10,'5ManagementCollegeNo'!G:G) -> 25 | H10: =G10/F10% -> 100 | I10: =SUMIF('9AllSAAct'!$B:$B,$B10,'9AllSAAct'!AS:AS) -> 10 | J10: =SUMIF('9AllSAAct'!$B:$B,$B10,'9AllSAAct'!AT:AT) -> 9 | K10: =J10/I10% -> 90 | L10: =C10+F10+I10 -> 38 | M10: =D10+G10+J10 -> 37 | N10: =M10/L10% -> 97.368421
A11: 7 | B11: Chhattisgarh | C11: =SUMIF('1UniNo'!B:B,B11,'1UniNo'!N:N) -> 28 | D11: =SUMIF('2University-Specialisation'!B:B,B11,'2University-Specialisation'!W:W) -> 28 | E11: =D11/C11% -> 100 | F11: =SUMIF('8CollegeAct'!B:B,B11,'8CollegeAct'!C:C) -> 810 | G11: =SUMIF('5ManagementCollegeNo'!B:B,B11,'5ManagementCollegeNo'!G:G) -> 807 | H11: =G11/F11% -> 99.62963 | I11: =SUMIF('9AllSAAct'!$B:$B,$B11,'9AllSAAct'!AS:AS) -> 75 | J11: =SUMIF('9AllSAAct'!$B:$B,$B11,'9AllSAAct'!AT:AT) -> 70 | K11: =J11/I11% -> 93.333333 | L11: =C11+F11+I11 -> 913 | M11: =D11+G11+J11 -> 905 | N11: =M11/L11% -> 99.123768
A12: 8 | B12: Dadra and Nagar Haveli | C12: =SUMIF('1UniNo'!B:B,B12,'1UniNo'!N:N) -> 0 | D12: =SUMIF('2University-Specialisation'!B:B,B12,'2University-Specialisation'!W:W) -> 0 | F12: =SUMIF('8CollegeAct'!B:B,B12,'8CollegeAct'!C:C) -> 8 | G12: =SUMIF('5ManagementCollegeNo'!B:B,B12,'5ManagementCollegeNo'!G:G) -> 8 | H12: =G12/F12% -> 100 | I12: =SUMIF('9AllSAAct'!$B:$B,$B12,'9AllSAAct'!AS:AS) -> 2 | J12: =SUMIF('9AllSAAct'!$B:$B,$B12,'9AllSAAct'!AT:AT) -> 1 | K12: =J12/I12% -> 50 | L12: =C12+F12+I12 -> 10 | M12: =D12+G12+J12 -> 9 | N12: =M12/L12% -> 90
A13: 9 | B13: Daman and Diu | C13: =SUMIF('1UniNo'!B:B,B13,'1UniNo'!N:N) -> 0 | D13: =SUMIF('2University-Specialisation'!B:B,B13,'2University-Specialisation'!W:W) -> 0 | F13: =SUMIF('8CollegeAct'!B:B,B13,'8CollegeAct'!C:C) -> 10 | G13: =SUMIF('5ManagementCollegeNo'!B:B,B13,'5ManagementCollegeNo'!G:G) -> 10 | H13: =G13/F13% -> 100 | I13: =SUMIF('9AllSAAct'!$B:$B,$B13,'9AllSAAct'!AS:AS) -> 2 | J13: =SUMIF('9AllSAAct'!$B:$B,$B13,'9AllSAAct'!AT:AT) -> 0 | K13: =J13/I13% -> 0 | L13: =C13+F13+I13 -> 12 | M13: =D13+G13+J13 -> 10 | N13: =M13/L13% -> 83.333333
A14: 10 | B14: Delhi | C14: =SUMIF('1UniNo'!B:B,B14,'1UniNo'!N:N) -> 28 | D14: =SUMIF('2University-Specialisation'!B:B,B14,'2University-Specialisation'!W:W) -> 27 | E14: =D14/C14% -> 96.428571 | F14: =SUMIF('8CollegeAct'!B:B,B14,'8CollegeAct'!C:C) -> 179 | G14: =SUMIF('5ManagementCollegeNo'!B:B,B14,'5ManagementCollegeNo'!G:G) -> 174 | H14: =G14/F14% -> 97.206704 | I14: =SUMIF('9AllSAAct'!$B:$B,$B14,'9AllSAAct'!AS:AS) -> 112 | J14: =SUMIF('9AllSAAct'!$B:$B,$B14,'9AllSAAct'!AT:AT) -> 83 | K14: =J14/I14% -> 74.107143 | L14: =C14+F14+I14 -> 319 | M14: =D14+G14+J14 -> 284 | N14: =M14/L14% -> 89.028213
A15: 11 | B15: Goa | C15: =SUMIF('1UniNo'!B:B,B15,'1UniNo'!N:N) -> 3 | D15: =SUMIF('2University-Specialisation'!B:B,B15,'2University-Specialisation'!W:W) -> 3 | E15: =D15/C15% -> 100 | F15: =SUMIF('8CollegeAct'!B:B,B15,'8CollegeAct'!C:C) -> 58 | G15: =SUMIF('5ManagementCollegeNo'!B:B,B15,'5ManagementCollegeNo'!G:G) -> 58 | H15: =G15/F15% -> 100 | I15: =SUMIF('9AllSAAct'!$B:$B,$B15,'9AllSAAct'!AS:AS) -> 12 | J15: =SUMIF('9AllSAAct'!$B:$B,$B15,'9AllSAAct'!AT:AT) -> 11 | K15: =J15/I15% -> 91.666667 | L15: =C15+F15+I15 -> 73 | M15: =D15+G15+J15 -> 72 | N15: =M15/L15% -> 98.630137
A16: 12 | B16: Gujarat | C16: =SUMIF('1UniNo'!B:B,B16,'1UniNo'!N:N) -> 76 | D16: =SUMIF('2University-Specialisation'!B:B,B16,'2University-Specialisation'!W:W) -> 76 | E16: =D16/C16% -> 100 | F16: =SUMIF('8CollegeAct'!B:B,B16,'8CollegeAct'!C:C) -> 2275 | G16: =SUMIF('5ManagementCollegeNo'!B:B,B16,'5ManagementCollegeNo'!G:G) -> 2258 | H16: =G16/F16% -> 99.252747 | I16: =SUMIF('9AllSAAct'!$B:$B,$B16,'9AllSAAct'!AS:AS) -> 308 | J16: =SUMIF('9AllSAAct'!$B:$B,$B16,'9AllSAAct'!AT:AT) -> 307 | K16: =J16/I16% -> 99.675325 | L16: =C16+F16+I16 -> 2659 | M16: =D16+G16+J16 -> 2641 | N16: =M16/L16% -> 99.323054
A17: 13 | B17: Haryana | C17: =SUMIF('1UniNo'!B:B,B17,'1UniNo'!N:N) -> 53 | D17: =SUMIF('2University-Specialisation'!B:B,B17,'2University-Specialisation'!W:W) -> 51 | E17: =D17/C17% -> 96.226415 | F17: =SUMIF('8CollegeAct'!B:B,B17,'8CollegeAct'!C:C) -> 1087 | G17: =SUMIF('5ManagementCollegeNo'!B:B,B17,'5ManagementCollegeNo'!G:G) -> 1034 | H17: =G17/F17% -> 95.124195 | I17: =SUMIF('9AllSAAct'!$B:$B,$B17,'9AllSAAct'!AS:AS) -> 252 | J17: =SUMIF('9AllSAAct'!$B:$B,$B17,'9AllSAAct'!AT:AT) -> 190 | K17: =J17/I17% -> 75.396825 | L17: =C17+F17+I17 -> 1392 | M17: =D17+G17+J17 -> 1275 | N17: =M17/L17% -> 91.594828
A18: 14 | B18: Himachal Pradesh | C18: =SUMIF('1UniNo'!B:B,B18,'1UniNo'!N:N) -> 27 | D18: =SUMIF('2University-Specialisation'!B:B,B18,'2University-Specialisation'!W:W) -> 27 | E18: =D18/C18% -> 100 | F18: =SUMIF('8CollegeAct'!B:B,B18,'8CollegeAct'!C:C) -> 344 | G18: =SUMIF('5ManagementCollegeNo'!B:B,B18,'5ManagementCollegeNo'!G:G) -> 344 | H18: =G18/F18% -> 100 | I18: =SUMIF('9AllSAAct'!$B:$B,$B18,'9AllSAAct'!AS:AS) -> 83 | J18: =SUMIF('9AllSAAct'!$B:$B,$B18,'9AllSAAct'!AT:AT) -> 81 | K18: =J18/I18% -> 97.590361 | L18: =C18+F18+I18 -> 454 | M18: =D18+G18+J18 -> 452 | N18: =M18/L18% -> 99.559471
A19: 15 | B19: Jammu and Kashmir | C19: =SUMIF('1UniNo'!B:B,B19,'1UniNo'!N:N) -> 15 | D19: =SUMIF('2University-Specialisation'!B:B,B19,'2University-Specialisation'!W:W) -> 15 | E19: =D19/C19% -> 100 | F19: =SUMIF('8CollegeAct'!B:B,B19,'8CollegeAct'!C:C) -> 316 | G19: =SUMIF('5ManagementCollegeNo'!B:B,B19,'5ManagementCollegeNo'!G:G) -> 313 | H19: =G19/F19% -> 99.050633 | I19: =SUMIF('9AllSAAct'!$B:$B,$B19,'9AllSAAct'!AS:AS) -> 118 | J19: =SUMIF('9AllSAAct'!$B:$B,$B19,'9AllSAAct'!AT:AT) -> 99 | K19: =J19/I19% -> 83.898305 | L19: =C19+F19+I19 -> 449 | M19: =D19+G19+J19 -> 427 | N19: =M19/L19% -> 95.100223
A20: 16 | B20: Jharkhand | C20: =SUMIF('1UniNo'!B:B,B20,'1UniNo'!N:N) -> 32 | D20: =SUMIF('2University-Specialisation'!B:B,B20,'2University-Specialisation'!W:W) -> 31 | E20: =D20/C20% -> 96.875 | F20: =SUMIF('8CollegeAct'!B:B,B20,'8CollegeAct'!C:C) -> 323 | G20: =SUMIF('5ManagementCollegeNo'!B:B,B20,'5ManagementCollegeNo'!G:G) -> 317 | H20: =G20/F20% -> 98.142415 | I20: =SUMIF('9AllSAAct'!$B:$B,$B20,'9AllSAAct'!AS:AS) -> 91 | J20: =SUMIF('9AllSAAct'!$B:$B,$B20,'9AllSAAct'!AT:AT) -> 83 | K20: =J20/I20% -> 91.208791 | L20: =C20+F20+I20 -> 446 | M20: =D20+G20+J20 -> 431 | N20: =M20/L20% -> 96.636771
A21: 17 | B21: Karnataka | C21: =SUMIF('1UniNo'!B:B,B21,'1UniNo'!N:N) -> 69 | D21: =SUMIF('2University-Specialisation'!B:B,B21,'2University-Specialisation'!W:W) -> 69 | E21: =D21/C21% -> 100 | F21: =SUMIF('8CollegeAct'!B:B,B21,'8CollegeAct'!C:C) -> 4047 | G21: =SUMIF('5ManagementCollegeNo'!B:B,B21,'5ManagementCollegeNo'!G:G) -> 3971 | H21: =G21/F21% -> 98.122066 | I21: =SUMIF('9AllSAAct'!$B:$B,$B21,'9AllSAAct'!AS:AS) -> 1690 | J21: =SUMIF('9AllSAAct'!$B:$B,$B21,'9AllSAAct'!AT:AT) -> 1098 | K21: =J21/I21% -> 64.970414 | L21: =C21+F21+I21 -> 5806 | M21: =D21+G21+J21 -> 5138 | N21: =M21/L21% -> 88.494661
A22: 18 | B22: Kerala | C22: =SUMIF('1UniNo'!B:B,B22,'1UniNo'!N:N) -> 23 | D22: =SUMIF('2University-Specialisation'!B:B,B22,'2University-Specialisation'!W:W) -> 23 | E22: =D22/C22% -> 100 | F22: =SUMIF('8CollegeAct'!B:B,B22,'8CollegeAct'!C:C) -> 1417 | G22: =SUMIF('5ManagementCollegeNo'!B:B,B22,'5ManagementCollegeNo'!G:G) -> 1313 | H22: =G22/F22% -> 92.66055 | I22: =SUMIF('9AllSAAct'!$B:$B,$B22,'9AllSAAct'!AS:AS) -> 452 | J22: =SUMIF('9AllSAAct'!$B:$B,$B22,'9AllSAAct'!AT:AT) -> 359 | K22: =J22/I22% -> 79.424779 | L22: =C22+F22+I22 -> 1892 | M22: =D22+G22+J22 -> 1695 | N22: =M22/L22% -> 89.587738
A23: 19 | B23: Ladakh | C23: =SUMIF('1UniNo'!B:B,B23,'1UniNo'!N:N) -> 1 | D23: =SUMIF('2University-Specialisation'!B:B,B23,'2University-Specialisation'!W:W) -> 1 | E23: =D23/C23% -> 100 | F23: =SUMIF('8CollegeAct'!B:B,B23,'8CollegeAct'!C:C) -> 5 | G23: =SUMIF('5ManagementCollegeNo'!B:B,B23,'5ManagementCollegeNo'!G:G) -> 5 | H23: =G23/F23% -> 100 | I23: =SUMIF('9AllSAAct'!$B:$B,$B23,'9AllSAAct'!AS:AS) -> 4 | J23: =SUMIF('9AllSAAct'!$B:$B,$B23,'9AllSAAct'!AT:AT) -> 4 | K23: =J23/I23% -> 100 | L23: =C23+F23+I23 -> 10 | M23: =D23+G23+J23 -> 10 | N23: =M23/L23% -> 100
A24: 20 | B24: Lakshadweep* | I24: =SUMIF('9AllSAAct'!$B:$B,$B24,'9AllSAAct'!AS:AS) -> 0 | J24: =SUMIF('9AllSAAct'!$B:$B,$B24,'9AllSAAct'!AT:AT) -> 0
A25: 21 | B25: Madhya Pradesh | C25: =SUMIF('1UniNo'!B:B,B25,'1UniNo'!N:N) -> 66 | D25: =SUMIF('2University-Specialisation'!B:B,B25,'2University-Specialisation'!W:W) -> 59 | E25: =D25/C25% -> 89.393939 | F25: =SUMIF('8CollegeAct'!B:B,B25,'8CollegeAct'!C:C) -> 2411 | G25: =SUMIF('5ManagementCollegeNo'!B:B,B25,'5ManagementCollegeNo'!G:G) -> 1946 | H25: =G25/F25% -> 80.713397 | I25: =SUMIF('9AllSAAct'!$B:$B,$B25,'9AllSAAct'!AS:AS) -> 379 | J25: =SUMIF('9AllSAAct'!$B:$B,$B25,'9AllSAAct'!AT:AT) -> 167 | K25: =J25/I25% -> 44.063325 | L25: =C25+F25+I25 -> 2856 | M25: =D25+G25+J25 -> 2172 | N25: =M25/L25% -> 76.05042
A26: 22 | B26: Maharashtra | C26: =SUMIF('1UniNo'!B:B,B26,'1UniNo'!N:N) -> 65 | D26: =SUMIF('2University-Specialisation'!B:B,B26,'2University-Specialisation'!W:W) -> 65 | E26: =D26/C26% -> 100 | F26: =SUMIF('8CollegeAct'!B:B,B26,'8CollegeAct'!C:C) -> 4494 | G26: =SUMIF('5ManagementCollegeNo'!B:B,B26,'5ManagementCollegeNo'!G:G) -> 4494 | H26: =G26/F26% -> 100 | I26: =SUMIF('9AllSAAct'!$B:$B,$B26,'9AllSAAct'!AS:AS) -> 2393 | J26: =SUMIF('9AllSAAct'!$B:$B,$B26,'9AllSAAct'!AT:AT) -> 2110 | K26: =J26/I26% -> 88.17384 | L26: =C26+F26+I26 -> 6952 | M26: =D26+G26+J26 -> 6669 | N26: =M26/L26% -> 95.929229
A27: 23 | B27: Manipur | C27: =SUMIF('1UniNo'!B:B,B27,'1UniNo'!N:N) -> 8 | D27: =SUMIF('2University-Specialisation'!B:B,B27,'2University-Specialisation'!W:W) -> 7 | E27: =D27/C27% -> 87.5 | F27: =SUMIF('8CollegeAct'!B:B,B27,'8CollegeAct'!C:C) -> 102 | G27: =SUMIF('5ManagementCollegeNo'!B:B,B27,'5ManagementCollegeNo'!G:G) -> 101 | H27: =G27/F27% -> 99.019608 | I27: =SUMIF('9AllSAAct'!$B:$B,$B27,'9AllSAAct'!AS:AS) -> 29 | J27: =SUMIF('9AllSAAct'!$B:$B,$B27,'9AllSAAct'!AT:AT) -> 28 | K27: =J27/I27% -> 96.551724 | L27: =C27+F27+I27 -> 139 | M27: =D27+G27+J27 -> 136 | N27: =M27/L27% -> 97.841727
A28: 24 | B28: Meghalaya | C28: =SUMIF('1UniNo'!B:B,B28,'1UniNo'!N:N) -> 10 | D28: =SUMIF('2University-Specialisation'!B:B,B28,'2University-Specialisation'!W:W) -> 9 | E28: =D28/C28% -> 90 | F28: =SUMIF('8CollegeAct'!B:B,B28,'8CollegeAct'!C:C) -> 67 | G28: =SUMIF('5ManagementCollegeNo'!B:B,B28,'5ManagementCollegeNo'!G:G) -> 57 | H28: =G28/F28% -> 85.074627 | I28: =SUMIF('9AllSAAct'!$B:$B,$B28,'9AllSAAct'!AS:AS) -> 21 | J28: =SUMIF('9AllSAAct'!$B:$B,$B28,'9AllSAAct'!AT:AT) -> 19 | K28: =J28/I28% -> 90.47619 | L28: =C28+F28+I28 -> 98 | M28: =D28+G28+J28 -> 85 | N28: =M28/L28% -> 86.734694
A29: 25 | B29: Mizoram | C29: =SUMIF('1UniNo'!B:B,B29,'1UniNo'!N:N) -> 3 | D29: =SUMIF('2University-Specialisation'!B:B,B29,'2University-Specialisation'!W:W) -> 3 | E29: =D29/C29% -> 100 | F29: =SUMIF('8CollegeAct'!B:B,B29,'8CollegeAct'!C:C) -> 35 | G29: =SUMIF('5ManagementCollegeNo'!B:B,B29,'5ManagementCollegeNo'!G:G) -> 35 | H29: =G29/F29% -> 100 | I29: =SUMIF('9AllSAAct'!$B:$B,$B29,'9AllSAAct'!AS:AS) -> 16 | J29: =SUMIF('9AllSAAct'!$B:$B,$B29,'9AllSAAct'!AT:AT) -> 16 | K29: =J29/I29% -> 100 | L29: =C29+F29+I29 -> 54 | M29: =D29+G29+J29 -> 54 | N29: =M29/L29% -> 100
A30: 26 | B30: Nagaland | C30: =SUMIF('1UniNo'!B:B,B30,'1UniNo'!N:N) -> 5 | D30: =SUMIF('2University-Specialisation'!B:B,B30,'2University-Specialisation'!W:W) -> 5 | E30: =D30/C30% -> 100 | F30: =SUMIF('8CollegeAct'!B:B,B30,'8CollegeAct'!C:C) -> 67 | G30: =SUMIF('5ManagementCollegeNo'!B:B,B30,'5ManagementCollegeNo'!G:G) -> 66 | H30: =G30/F30% -> 98.507463 | I30: =SUMIF('9AllSAAct'!$B:$B,$B30,'9AllSAAct'!AS:AS) -> 20 | J30: =SUMIF('9AllSAAct'!$B:$B,$B30,'9AllSAAct'!AT:AT) -> 17 | K30: =J30/I30% -> 85 | L30: =C30+F30+I30 -> 92 | M30: =D30+G30+J30 -> 88 | N30: =M30/L30% -> 95.652174
A31: 27 | B31: Odisha | C31: =SUMIF('1UniNo'!B:B,B31,'1UniNo'!N:N) -> 32 | D31: =SUMIF('2University-Specialisation'!B:B,B31,'2University-Specialisation'!W:W) -> 32 | E31: =D31/C31% -> 100 | F31: =SUMIF('8CollegeAct'!B:B,B31,'8CollegeAct'!C:C) -> 1087 | G31: =SUMIF('5ManagementCollegeNo'!B:B,B31,'5ManagementCollegeNo'!G:G) -> 1077 | H31: =G31/F31% -> 99.080037 | I31: =SUMIF('9AllSAAct'!$B:$B,$B31,'9AllSAAct'!AS:AS) -> 386 | J31: =SUMIF('9AllSAAct'!$B:$B,$B31,'9AllSAAct'!AT:AT) -> 381 | K31: =J31/I31% -> 98.704663 | L31: =C31+F31+I31 -> 1505 | M31: =D31+G31+J31 -> 1490 | N31: =M31/L31% -> 99.003322
A32: 28 | B32: Puducherry | C32: =SUMIF('1UniNo'!B:B,B32,'1UniNo'!N:N) -> 4 | D32: =SUMIF('2University-Specialisation'!B:B,B32,'2University-Specialisation'!W:W) -> 4 | E32: =D32/C32% -> 100 | F32: =SUMIF('8CollegeAct'!B:B,B32,'8CollegeAct'!C:C) -> 79 | G32: =SUMIF('5ManagementCollegeNo'!B:B,B32,'5ManagementCollegeNo'!G:G) -> 69 | H32: =G32/F32% -> 87.341772 | I32: =SUMIF('9AllSAAct'!$B:$B,$B32,'9AllSAAct'!AS:AS) -> 14 | J32: =SUMIF('9AllSAAct'!$B:$B,$B32,'9AllSAAct'!AT:AT) -> 13 | K32: =J32/I32% -> 92.857143 | L32: =C32+F32+I32 -> 97 | M32: =D32+G32+J32 -> 86 | N32: =M32/L32% -> 88.659794
A33: 29 | B33: Punjab | C33: =SUMIF('1UniNo'!B:B,B33,'1UniNo'!N:N) -> 32 | D33: =SUMIF('2University-Specialisation'!B:B,B33,'2University-Specialisation'!W:W) -> 32 | E33: =D33/C33% -> 100 | F33: =SUMIF('8CollegeAct'!B:B,B33,'8CollegeAct'!C:C) -> 1079 | G33: =SUMIF('5ManagementCollegeNo'!B:B,B33,'5ManagementCollegeNo'!G:G) -> 1006 | H33: =G33/F33% -> 93.234476 | I33: =SUMIF('9AllSAAct'!$B:$B,$B33,'9AllSAAct'!AS:AS) -> 421 | J33: =SUMIF('9AllSAAct'!$B:$B,$B33,'9AllSAAct'!AT:AT) -> 344 | K33: =J33/I33% -> 81.710214 | L33: =C33+F33+I33 -> 1532 | M33: =D33+G33+J33 -> 1382 | N33: =M33/L33% -> 90.208877
A34: 30 | B34: Rajasthan | C34: =SUMIF('1UniNo'!B:B,B34,'1UniNo'!N:N) -> 89 | D34: =SUMIF('2University-Specialisation'!B:B,B34,'2University-Specialisation'!W:W) -> 85 | E34: =D34/C34% -> 95.505618 | F34: =SUMIF('8CollegeAct'!B:B,B34,'8CollegeAct'!C:C) -> 3380 | G34: =SUMIF('5ManagementCollegeNo'!B:B,B34,'5ManagementCollegeNo'!G:G) -> 3101 | H34: =G34/F34% -> 91.745562 | I34: =SUMIF('9AllSAAct'!$B:$B,$B34,'9AllSAAct'!AS:AS) -> 567 | J34: =SUMIF('9AllSAAct'!$B:$B,$B34,'9AllSAAct'!AT:AT) -> 409 | K34: =J34/I34% -> 72.134039 | L34: =C34+F34+I34 -> 4036 | M34: =D34+G34+J34 -> 3595 | N34: =M34/L34% -> 89.07334
A35: 31 | B35: Sikkim | C35: =SUMIF('1UniNo'!B:B,B35,'1UniNo'!N:N) -> 8 | D35: =SUMIF('2University-Specialisation'!B:B,B35,'2University-Specialisation'!W:W) -> 7 | E35: =D35/C35% -> 87.5 | F35: =SUMIF('8CollegeAct'!B:B,B35,'8CollegeAct'!C:C) -> 22 | G35: =SUMIF('5ManagementCollegeNo'!B:B,B35,'5ManagementCollegeNo'!G:G) -> 19 | H35: =G35/F35% -> 86.363636 | I35: =SUMIF('9AllSAAct'!$B:$B,$B35,'9AllSAAct'!AS:AS) -> 8 | J35: =SUMIF('9AllSAAct'!$B:$B,$B35,'9AllSAAct'!AT:AT) -> 8 | K35: =J35/I35% -> 100 | L35: =C35+F35+I35 -> 38 | M35: =D35+G35+J35 -> 34 | N35: =M35/L35% -> 89.473684
A36: 32 | B36: Tamil Nadu | C36: =SUMIF('1UniNo'!B:B,B36,'1UniNo'!N:N) -> 59 | D36: =SUMIF('2University-Specialisation'!B:B,B36,'2University-Specialisation'!W:W) -> 59 | E36: =D36/C36% -> 100 | F36: =SUMIF('8CollegeAct'!B:B,B36,'8CollegeAct'!C:C) -> 2610 | G36: =SUMIF('5ManagementCollegeNo'!B:B,B36,'5ManagementCollegeNo'!G:G) -> 2608 | H36: =G36/F36% -> 99.923372 | I36: =SUMIF('9AllSAAct'!$B:$B,$B36,'9AllSAAct'!AS:AS) -> 914 | J36: =SUMIF('9AllSAAct'!$B:$B,$B36,'9AllSAAct'!AT:AT) -> 908 | K36: =J36/I36% -> 99.343545 | L36: =C36+F36+I36 -> 3583 | M36: =D36+G36+J36 -> 3575 | N36: =M36/L36% -> 99.776723
... A41: 37 | B41: West Bengal | C41: =SUMIF('1UniNo'!B:B,B41,'1UniNo'!N:N) -> 47 | D41: =SUMIF('2University-Specialisation'!B:B,B41,'2University-Specialisation'!W:W) -> 47 | E41: =D41/C41% -> 100 | F41: =SUMIF('8CollegeAct'!B:B,B41,'8CollegeAct'!C:C) -> 1411 | G41: =SUMIF('5ManagementCollegeNo'!B:B,B41,'5ManagementCollegeNo'!G:G) -> 1409 | H41: =G41/F41% -> 99.858257 | I41: =SUMIF('9AllSAAct'!$B:$B,$B41,'9AllSAAct'!AS:AS) -> 477 | J41: =SUMIF('9AllSAAct'!$B:$B,$B41,'9AllSAAct'!AT:AT) -> 477 | K41: =J41/I41% -> 100 | L41: =C41+F41+I41 -> 1935 | M41: =D41+G41+J41 -> 1933 | N41: =M41/L41% -> 99.896641
A42: All India | C42: =SUM(C5:C41) -> 1043 | D42: =SUM(D5:D41) -> 1019 | E42: =D42/C42% -> 97.698945 | F42: =SUM(F5:F41) -> 42343 | G42: =SUM(G5:G41) -> 39955 | H42: =G42/F42% -> 94.360343 | I42: =SUM(I5:I41) -> 11779 | J42: =SUM(J5:J41) -> 9599 | K42: =J42/I42% -> 81.492487 | L42: =C42+F42+I42 -> 55165 | M42: =D42+G42+J42 -> 50573 | N42: =M42/L42% -> 91.675881
A43: * Lakshadweep dose not have any University/Colleges & Stand Alone Institutions. However 3 PG/Off-shore campus of University of Calicut, Malappuram are functiong from Lakshadweep.

Sheet 2University-Specialisation
B1: Table 2. | C1: State & Specialisation-wise Number of Universities (Based on actual Response) | M1: =C1 -> State & Specialisation-wise Number of Universities (Based on actual Response)
A2: Sl. No. | B2: State/UTs | C2: General | D2: Agriculture | E2: Cultural Studies | F2: Education | G2: Fine Arts | H2: Fisheries | I2: Gandhian / Religious Studies | J2: Journalism & Mass Communication | K2: Language | L2: Law | M2: Management | N2: Medical | O2: Oriental Learning | P2: Rural Development | Q2: Sanskrit | R2: Science | S2: Sports / Yoga / Physical Education | T2: Technical | U2: Veterinary | V2: Others | W2: Grand Total
A3: 1 | B3: 2 | C3: 3 | D3: 4 | E3: 5 | F3: 6 | G3: 7 | H3: 8 | I3: 9 | J3: 10 | K3: 11 | L3: 12 | M3: 13 | N3: 14 | O3: 15 | P3: 16 | Q3: 17 | R3: 18 | S3: 19 | T3: 20 | U3: 21 | V3: 22 | W3: 23
A4: 1 | B4: Andhra Pradesh | C4: 17 | D4: 3 | K4: 1 | L4: 1 | M4: 1 | N4: 2 | P4: 1 | Q4: 1 | R4: 2 | T4: 9 | U4: 1 | W4: =SUM(C4:V4) -> 39
A5: 2 | B5: Arunachal Pradesh | C5: 6 | T5: 3 | V5: 1 | W5: =SUM(C5:V5) -> 10
A6: 3 | B6: Assam | C6: 13 | D6: 1 | E6: 1 | L6: 1 | M6: 1 | N6: 1 | Q6: 1 | T6: 6 | V6: 1 | W6: =SUM(C6:V6) -> 26
A7: 4 | B7: Bihar | C7: 20 | D7: 1 | F7: 1 | L7: 1 | M7: 3 | N7: 2 | O7: 1 | P7: 1 | Q7: 1 | T7: 3 | V7: 1 | W7: =SUM(C7:V7) -> 35
A8: 5 | B8: Chandigarh | C8: 1 | N8: 1 | T8: 1 | W8: =SUM(C8:V8) -> 3
A9: 6 | B9: Chhattisgarh | C9: 14 | D9: 1 | G9: 1 | J9: 1 | L9: 1 | M9: 1 | N9: 2 | R9: 1 | T9: 4 | U9: 1 | V9: 1 | W9: =SUM(C9:V9) -> 28
A10: 7 | B10: Delhi | C10: 7 | D10: 1 | E10: 1 | F10: 1 | L10: 2 | N10: 2 | Q10: 1 | R10: 1 | T10: 10 | V10: 1 | W10: =SUM(C10:V10) -> 27
A11: 8 | B11: Goa | C11: 1 | T11: 2 | W11: =SUM(C11:V11) -> 3
A12: 9 | B12: Gujarat | C12: 42 | D12: 4 | F12: 1 | L12: 1 | N12: 5 | Q12: 1 | R12: 2 | S12: 2 | T12: 12 | U12: 1 | V12: 5 | W12: =SUM(C12:V12) -> 76
A13: 10 | B13: Haryana | C13: 31 | D13: 2 | F13: 1 | G13: 1 | K13: 1 | L13: 1 | M13: 3 | N13: 2 | T13: 4 | U13: 2 | V13: 3 | W13: =SUM(C13:V13) -> 51
A14: 11 | B14: Himachal Pradesh | C14: 14 | D14: 2 | L14: 1 | M14: 2 | T14: 7 | V14: 1 | W14: =SUM(C14:V14) -> 27
A15: 12 | B15: Jammu and Kashmir | C15: 6 | D15: 2 | E15: 1 | M15: 3 | T15: 3 | W15: =SUM(C15:V15) -> 15
A16: 13 | B16: Jharkhand | C16: 20 | E16: 1 | L16: 1 | M16: 1 | N16: 1 | T16: 6 | V16: 1 | W16: =SUM(C16:V16) -> 31
A17: 14 | B17: Karnataka | C17: 35 | D17: 4 | G17: 2 | K17: 1 | L17: 1 | M17: 1 | N17: 8 | Q17: 1 | R17: 2 | T17: 9 | U17: 1 | V17: 4 | W17: =SUM(C17:V17) -> 69
A18: 15 | B18: Kerala | C18: 7 | D18: 1 | H18: 1 | K18: 1 | L18: 1 | M18: 2 | N18: 2 | R18: 1 | T18: 5 | U18: 1 | V18: 1 | W18: =SUM(C18:V18) -> 23
A19: 16 | B19: Ladakh | O19: 1 | W19: =SUM(C19:V19) -> 1
A20: 17 | B20: Madhya Pradesh | C20: 33 | D20: 2 | F20: 1 | G20: 2 | J20: 1 | K20: 2 | L20: 1 | M20: 4 | N20: 2 | Q20: 1 | R20: 1 | T20: 6 | U20: 1 | V20: 2 | W20: =SUM(C20:V20) -> 59
A21: 18 | B21: Maharashtra | C21: 27 | D21: 5 | E21: 1 | F21: 1 | H21: 2 | K21: 1 | L21: 2 | M21: 3 | N21: 7 | Q21: 1 | R21: 2 | T21: 10 | V21: 3 | W21: =SUM(C21:V21) -> 65
A22: 19 | B22: Manipur | C22: 2 | F22: 1 | M22: 1 | T22: 3 | W22: =SUM(C22:V22) -> 7
A23: 20 | B23: Meghalaya | C23: 3 | H23: 1 | M23: 3 | T23: 2 | W23: =SUM(C23:V23) -> 9
A24: 21 | B24: Mizoram | C24: 2 | T24: 1 | W24: =SUM(C24:V24) -> 3
A25: 22 | B25: Nagaland | C25: 3 | T25: 2 | W25: =SUM(C25:V25) -> 5
A26: 23 | B26: Odisha | C26: 14 | D26: 1 | L26: 1 | M26: 2 | N26: 3 | Q26: 1 | R26: 2 | T26: 7 | V26: 1 | W26: =SUM(C26:V26) -> 32
A27: 24 | B27: Puducherry | C27: 1 | N27: 2 | T27: 1 | W27: =SUM(C27:V27) -> 4
A28: 25 | B28: Punjab | C28: 17 | D28: 1 | L28: 1 | M28: 3 | N28: 4 | R28: 2 | T28: 3 | U28: 1 | W28: =SUM(C28:V28) -> 32
A29: 26 | B29: Rajasthan | C29: 50 | D29: 6 | I29: 1 | J29: 1 | L29: 1 | M29: 1 | N29: 8 | Q29: 1 | R29: 1 | T29: 11 | U29: 1 | V29: 3 | W29: =SUM(C29:V29) -> 85
A30: 27 | B30: Sikkim | C30: 4 | T30: 2 | V30: 1 | W30: =SUM(C30:V30) -> 7
A31: 28 | B31: Tamil Nadu | C31: 22 | H31: 1 | K31: 2 | L31: 2 | M31: 1 | N31: 4 | P31: 1 | R31: 2 | S31: 2 | T31: 18 | U31: 1 | V31: 3 | W31: =SUM(C31:V31) -> 59
A32: 29 | B32: Telangana | C32: 11 | D32: 1 | G32: 1 | K32: 1 | L32: 1 | N32: 2 | Q32: 1 | S32: 1 | T32: 4 | U32: 1 | W32: =SUM(C32:V32) -> 24
A33: 30 | B33: Tripura | C33: 2 | G33: 1 | T33: 1 | W33: =SUM(C33:V33) -> 4
A34: 31 | B34: Uttar Pradesh | C34: 47 | D34: 5 | F34: 1 | G34: 2 | K34: 1 | L34: 1 | N34: 2 | O34: 1 | T34: 13 | U34: 2 | V34: 2 | W34: =SUM(C34:V34) -> 77
A35: 32 | B35: Uttarakhand | C35: 21 | D35: 4 | F35: 2 | G35: 1 | M35: 1 | N35: 2 | Q35: 1 | T35: 3 | V35: 1 | W35: =SUM(C35:V35) -> 36
A36: 33 | B36: West Bengal | C36: 29 | D36: 2 | F36: 1 | L36: 1 | M36: 1 | N36: 2 | O36: 1 | R36: 3 | T36: 6 | V36: 1 | W36: =SUM(C36:V36) -> 47
A37: All India | C37: =SUM(C4:C36) -> 522 | D37: =SUM(D4:D36) -> 49 | E37: =SUM(E4:E36) -> 5 | F37: =SUM(F4:F36) -> 11 | G37: =SUM(G4:G36) -> 11 | H37: =SUM(H4:H36) -> 5 | I37: =SUM(I4:I36) -> 1 | J37: =SUM(J4:J36) -> 3 | ... W37: =SUM(W4:W36) -> 1019

Sheet 3Collegerange
B1: Table 3. | C1: State-wise Distribution of Districts in Different Ranges of number of Colleges
A2: Sl. No. | B2: State/UTs | C2: Number of Colleges
C3: 44075 | D3: 10-19 | E3: 20-49 | F3: 50-99 | G3: 100-199 | H3: 200-299 | I3: 300-399 | J3: 400-499 | K3: 500-999 | L3: More than 1000
A4: 1 | B4: 2 | C4: 3 | D4: 4 | E4: 5 | F4: 6 | G4: 7 | H4: 8 | I4: 9 | J4: 10 | K4: 11 | L4: 12
A5: 1 | B5: Andaman and Nicobar Islands | C5: 3 | D5: 0 | E5: 0 | F5: 0 | G5: 0 | H5: 0 | I5: 0 | J5: 0 | K5: 0 | L5: 0
A6: 2 | B6: Andhra Pradesh | C6: 0 | D6: 0 | E6: 0 | F6: 0 | G6: 5 | H6: 7 | I6: 1 | J6: 0 | K6: 0 | L6: 0
A7: 3 | B7: Arunachal Pradesh | C7: 15 | D7: 1 | E7: 0 | F7: 0 | G7: 0 | H7: 0 | I7: 0 | J7: 0 | K7: 0 | L7: 0
A8: 4 | B8: Assam | C8: 7 | D8: 14 | E8: 9 | F8: 1 | G8: 0 | H8: 0 | I8: 0 | J8: 0 | K8: 0 | L8: 0
A9: 5 | B9: Bihar | C9: 7 | D9: 15 | E9: 14 | F9: 1 | G9: 1 | H9: 0 | I9: 0 | J9: 0 | K9: 0 | L9: 0
A10: 6 | B10: Chandigarh | C10: 0 | D10: 0 | E10: 1 | F10: 0 | G10: 0 | H10: 0 | I10: 0 | J10: 0 | K10: 0 | L10: 0
A11: 7 | B11: Chhattisgarh | C11: 10 | D11: 7 | E11: 6 | F11: 1 | G11: 3 | H11: 0 | I11: 0 | J11: 0 | K11: 0 | L11: 0
A12: 8 | B12: Dadra and Nagar Haveli | C12: 1 | D12: 0 | E12: 0 | F12: 0 | G12: 0 | H12: 0 | I12: 0 | J12: 0 | K12: 0 | L12: 0
A13: 9 | B13: Daman and Diu | C13: 2 | D13: 0 | E13: 0 | F13: 0 | G13: 0 | H13: 0 | I13: 0 | J13: 0 | K13: 0 | L13: 0
A14: 10 | B14: Delhi | C14: 2 | D14: 4 | E14: 4 | F14: 0 | G14: 0 | H14: 0 | I14: 0 | J14: 0 | K14: 0 | L14: 0
A15: 11 | B15: Goa | C15: 0 | D15: 0 | E15: 2 | F15: 0 | G15: 0 | H15: 0 | I15: 0 | J15: 0 | K15: 0 | L15: 0
A16: 12 | B16: Gujarat | C16: 1 | D16: 4 | E16: 13 | F16: 6 | G16: 8 | H16: 1 | I16: 0 | J16: 0 | K16: 0 | L16: 0
... A41: 37 | B41: West Bengal | C41: 3 | D41: 0 | E41: 7 | F41: 8 | G41: 4 | H41: 0 | I41: 0 | J41: 0 | K41: 0 | L41: 0
A42: All India | C42: =SUM(C5:C41) -> 149 | D42: =SUM(D5:D41) -> 95 | E42: =SUM(E5:E41) -> 186 | F42: =SUM(F5:F41) -> 134 | G42: =SUM(G5:G41) -> 97 | H42: =SUM(H5:H41) -> 28 | I42: =SUM(I5:I41) -> 6 | J42: =SUM(J5:J41) -> 2 | ... L42: =SUM(L5:L41) -> 1

Sheet 4CollegeIndicator
A1: Table 4. Number of Colleges per Lakh Population (18-23 Years), Average Enrolment per College
A2: Sl. No. | B2: State/UTs | C2: No. of Colleges | D2: No. of Colleges per lakh Population | E2: Average Enrolment per College | F2: Zone | G2: Population
A3: 1 | B3: 2 | C3: 3 | D3: 4 | E3: 5
A4: 1 | B4: Andaman and Nicobar Islands | C4: 8 | D4: 15.781894 | E4: 738.5 | F4: UT | G4: =SUMIF('[1]19pop2014'!$B$5:$B$40,B4,'[1]19pop2014'!$E$5:$E$40) -> #VALUE!
A5: 2 | B5: Andhra Pradesh | C5: 2750 | D5: 51.038485 | E5: 546.52739 | F5: South | G5: =SUMIF('[1]19pop2014'!$B$5:$B$40,B5,'[1]19pop2014'!$E$5:$E$40) -> #VALUE!
A6: 3 | B6: Arunachal Pradesh | C6: 39 | D6: 24.721252 | E6: 552.97368 | F6: North-East | G6: =SUMIF('[1]19pop2014'!$B$5:$B$40,B6,'[1]19pop2014'!$E$5:$E$40) -> #VALUE!
A7: 4 | B7: Assam | C7: 558 | D7: 14.84071 | E7: 870.01689 | F7: North-East | G7: =SUMIF('[1]19pop2014'!$B$5:$B$40,B7,'[1]19pop2014'!$E$5:$E$40) -> #VALUE!
A8: 5 | B8: Bihar | C8: 874 | D8: 7.269127 | E8: 1703.051 | F8: East | G8: =SUMIF('[1]19pop2014'!$B$5:$B$40,B8,'[1]19pop2014'!$E$5:$E$40) -> #VALUE!
A9: 6 | B9: Chandigarh | C9: 25 | D9: 12.221891 | E9: 2022.24 | F9: UT | G9: =SUMIF('[1]19pop2014'!$B$5:$B$40,B9,'[1]19pop2014'!$E$5:$E$40) -> #VALUE!
A10: 7 | B10: Chhattisgarh | C10: 810 | D10: 25.551309 | E10: 557.02107 | F10: East | G10: =SUMIF('[1]19pop2014'!$B$5:$B$40,B10,'[1]19pop2014'!$E$5:$E$40) -> #VALUE!
A11: 8 | B11: Dadra and Nagar Haveli | C11: 8 | D11: 11.813698 | E11: 761 | F11: UT | G11: =SUMIF('[1]19pop2014'!$B$5:$B$40,B11,'[1]19pop2014'!$E$5:$E$40) -> #VALUE!
A12: 9 | B12: Daman and Diu | C12: 10 | D12: 15.45834 | E12: 393.2 | F12: UT | G12: =SUMIF('[1]19pop2014'!$B$5:$B$40,B12,'[1]19pop2014'!$E$5:$E$40) -> #VALUE!
A13: 10 | B13: Delhi | C13: 179 | D13: 7.5875396 | E13: 1620.0977 | F13: North | G13: =SUMIF('[1]19pop2014'!$B$5:$B$40,B13,'[1]19pop2014'!$E$5:$E$40) -> #VALUE!
A14: 11 | B14: Goa | C14: 58 | D14: 31.255389 | E14: 670.32759 | F14: West | G14: =SUMIF('[1]19pop2014'!$B$5:$B$40,B14,'[1]19pop2014'!$E$5:$E$40) -> #VALUE!
A15: 12 | B15: Gujarat | C15: 2275 | D15: 31.396927 | E15: 527.68778 | F15: West | G15: =SUMIF('[1]19pop2014'!$B$5:$B$40,B15,'[1]19pop2014'!$E$5:$E$40) -> #VALUE!
... A21: 18 | B21: Kerala | C21: 1417 | D21: 48.301966 | E21: 574.73267 | F21: South | G21: =SUMIF('[1]19pop2014'!$B$5:$B$40,B21,'[1]19pop2014'!$E$5:$E$40) -> #VALUE!
A22: 19 | B22: Ladakh | C22: 5 | D22: 13.665582 | E22: 479.6
A23: 20 | B23: Lakshadweep | F23: UT | G23: =SUMIF('[1]19pop2014'!$B$5:$B$40,B23,'[1]19pop2014'!$E$5:$E$40) -> #VALUE!
A24: 21 | B24: Madhya Pradesh | C24: 2411 | D24: 26.7264 | E24: 771.44707 | F24: North | G24: =SUMIF('[1]19pop2014'!$B$5:$B$40,B24,'[1]19pop2014'!$E$5:$E$40) -> #VALUE!
A25: 22 | B25: Maharashtra | C25: 4494 | D25: 34.063299 | E25: 669.65265 | F25: West | G25: =SUMIF('[1]19pop2014'!$B$5:$B$40,B25,'[1]19pop2014'!$E$5:$E$40) -> #VALUE!
A26: 23 | B26: Manipur | C26: 102 | D26: 31.388189 | E26: 1056.4158 | F26: North-East | G26: =SUMIF('[1]19pop2014'!$B$5:$B$40,B26,'[1]19pop2014'!$E$5:$E$40) -> #VALUE!
A27: 24 | B27: Meghalaya | C27: 67 | D27: 19.985622 | E27: 1105.386 | F27: North-East | G27: =SUMIF('[1]19pop2014'!$B$5:$B$40,B27,'[1]19pop2014'!$E$5:$E$40) -> #VALUE!
A28: 25 | B28: Mizoram | C28: 35 | D28: 27.536722 | E28: 559.42857 | F28: North-East | G28: =SUMIF('[1]19pop2014'!$B$5:$B$40,B28,'[1]19pop2014'!$E$5:$E$40) -> #VALUE!
A29: 26 | B29: Nagaland | C29: 67 | D29: 27.798523 | E29: 507.0303 | F29: North-East | G29: =SUMIF('[1]19pop2014'!$B$5:$B$40,B29,'[1]19pop2014'!$E$5:$E$40) -> #VALUE!
A30: 27 | B30: Odisha | C30: 1087 | D30: 23.679838 | E30: 658.64717 | F30: East | G30: =SUMIF('[1]19pop2014'!$B$5:$B$40,B30,'[1]19pop2014'!$E$5:$E$40) -> #VALUE!
A31: 28 | B31: Puducherry | C31: 79 | D31: 45.686659 | E31: 667.68116 | F31: UT | G31: =SUMIF('[1]19pop2014'!$B$5:$B$40,B31,'[1]19pop2014'!$E$5:$E$40) -> #VALUE!
A32: 29 | B32: Punjab | C32: 1079 | D32: 35.048604 | E32: 521.34891 | F32: North | G32: =SUMIF('[1]19pop2014'!$B$5:$B$40,B32,'[1]19pop2014'!$E$5:$E$40) -> #VALUE!
A33: 30 | B33: Rajasthan | C33: 3380 | D33: 36.914462 | E33: 517.23025 | F33: West | G33: =SUMIF('[1]19pop2014'!$B$5:$B$40,B33,'[1]19pop2014'!$E$5:$E$40) -> #VALUE!
A34: 31 | B34: Sikkim | C34: 22 | D34: 28.731504 | E34: 633.89474 | F34: North-East | G34: =SUMIF('[1]19pop2014'!$B$5:$B$40,B34,'[1]19pop2014'!$E$5:$E$40) -> #VALUE!
A35: 32 | B35: Tamil Nadu | C35: 2610 | D35: 38.086383 | E35: 872.42715 | F35: South | G35: =SUMIF('[1]19pop2014'!$B$5:$B$40,B35,'[1]19pop2014'!$E$5:$E$40) -> #VALUE!
A36: 33 | B36: Telangana | C36: 2071 | D36: 53.071959 | E36: 545.16014
A37: 34 | B37: Tripura | C37: 53 | D37: 12.413195 | E37: 1174.6604 | F37: North-East | G37: =SUMIF('[1]19pop2014'!$B$5:$B$40,B37,'[1]19pop2014'!$E$5:$E$40) -> #VALUE!
A38: 35 | B38: Uttar Pradesh | C38: 7788 | D38: 30.795565 | E38: 691.99172 | F38: North | G38: =SUMIF('[1]19pop2014'!$B$5:$B$40,B38,'[1]19pop2014'!$E$5:$E$40) -> #VALUE!
A39: 36 | B39: Uttarakhand | C39: 454 | D39: 38.190189 | E39: 633.90594 | F39: North | G39: =SUMIF('[1]19pop2014'!$B$5:$B$40,B39,'[1]19pop2014'!$E$5:$E$40) -> #VALUE!
A40: 37 | B40: West Bengal | C40: 1411 | D40: 13.024762 | E40: 1179.3669 | F40: East | G40: =SUMIF('[1]19pop2014'!$B$5:$B$40,B40,'[1]19pop2014'!$E$5:$E$40) -> #VALUE!
A41: All India | C41: 42343 | D41: 29.750148 | E41: 679.60803 | G41: =SUM(G4:G40) -> #VALUE!

Sheet 4aCollegeSpec
A1: Table 4a. | C1: Specialisation-wise number of Colleges (Based on actual Response) | N1: =C1 -> Specialisation-wise number of Colleges (Based on actual Response) | X1: =C1 -> Specialisation-wise number of Colleges (Based on actual Response)
A2: Sl. No. | B2: State/UTs | C2: General | D2: Agriculture | E2: Architecture | F2: Arts | G2: Commerce | H2: Computer Application | I2: Education/Teacher Education | J2: Engineering & Technology | K2: Fine Arts | L2: Fisheries | M2: Home Sceince | N2: Hotel & Tourism Management | O2: Journalism & Mass Communication | P2: Law | Q2: Management | R2: Medical-Allopathy | S2: Medical-Ayurveda | T2: Medical-Dental | U2: Medical-Homeopathy | V2: Medical-Others | W2: Nursing | X2: Oriental Learning | Y2: Para Medical | Z2: Pharmacy | AA2: Physiotherapy | AB2: Sanskrit | AC2: Science | AD2: Social Work | AE2: Sports/Yoga/Physical Education | AF2: Veterinary | AG2: Others | AH2: Grand Total
A3: 1 | B3: 2 | C3: 3 | D3: 4 | E3: 5 | F3: 6 | G3: 7 | H3: 8 | I3: 9 | J3: 10 | K3: 11 | L3: 12 | M3: 13 | N3: 14 | O3: 15 | P3: 16 | Q3: 17 | R3: 18 | S3: 19 | T3: 20 | U3: 21 | V3: 22 | W3: 23 | X3: 24 | Y3: 25 | Z3: 26 | AA3: 27 | AB3: 28 | AC3: 29 | AD3: 30 | AE3: 31 | AF3: 32 | AG3: 33 | AH3: 34
A4: 1 | B4: Andaman and Nicobar Islands | C4: 4 | I4: 1 | R4: 1 | V4: 1 | AC4: 1 | AH4: =SUM(C4:AG4) -> 8
A5: 2 | B5: Andhra Pradesh | C5: 1811 | D5: 28 | E5: 4 | F5: 8 | G5: 4 | H5: 9 | I5: 76 | J5: 273 | L5: 1 | M5: 1 | N5: 6 | P5: 15 | Q5: 42 | R5: 11 | S5: 2 | T5: 10 | U5: 1 | V5: 8 | W5: 66 | X5: 4 | Y5: 7 | Z5: 70 | AA5: 11 | AB5: 2 | AC5: 4 | AE5: 12 | AF5: 3 | AG5: 12 | AH5: =SUM(C5:AG5) -> 2501
A6: 3 | B6: Arunachal Pradesh | C6: 26 | D6: 1 | F6: 1 | I6: 6 | P6: 2 | R6: 1 | U6: 1 | AH6: =SUM(C6:AG6) -> 38
A7: 4 | B7: Assam | C7: 364 | D7: 2 | E7: 1 | F7: 37 | G7: 11 | I7: 43 | J7: 6 | K7: 2 | L7: 1 | N7: 1 | P7: 19 | Q7: 2 | R7: 5 | S7: 1 | T7: 1 | U7: 2 | W7: 10 | Y7: 3 | Z7: 6 | AA7: 1 | AB7: 1 | AC7: 6 | AD7: 1 | AE7: 1 | AF7: 2 | AG7: 4 | AH7: =SUM(C7:AG7) -> 533
A8: 5 | B8: Bihar | C8: 511 | D8: 6 | F8: 4 | G8: 1 | H8: 3 | I8: 184 | J8: 55 | K8: 1 | P8: 16 | Q8: 2 | R8: 9 | S8: 1 | T8: 2 | U8: 1 | V8: 2 | W8: 5 | Y8: 2 | Z8: 3 | AB8: 49 | AF8: 1 | AG8: 5 | AH8: =SUM(C8:AG8) -> 863
A9: 6 | B9: Chandigarh | C9: 9 | E9: 1 | G9: 1 | I9: 4 | J9: 2 | K9: 1 | M9: 1 | S9: 1 | U9: 1 | V9: 1 | AE9: 2 | AF9: 1 | AH9: =SUM(C9:AG9) -> 25
A10: 7 | B10: Chhattisgarh | C10: 481 | D10: 25 | E10: 1 | F10: 6 | G10: 2 | H10: 10 | I10: 55 | J10: 61 | K10: 3 | L10: 1 | P10: 9 | R10: 4 | S10: 6 | T10: 6 | U10: 3 | V10: 6 | W10: 83 | Z10: 19 | AA10: 3 | AB10: 4 | AC10: 7 | AE10: 3 | AF10: 6 | AG10: 3 | AH10: =SUM(C10:AG10) -> 807
A11: 8 | B11: Dadra and Nagar Haveli | C11: 3 | I11: 1 | J11: 1 | W11: 1 | Z11: 1 | AG11: 1 | AH11: =SUM(C11:AG11) -> 8
A12: 9 | B12: Daman and Diu | C12: 3 | H12: 1 | I12: 1 | J12: 3 | T12: 1 | W12: 1 | AH12: =SUM(C12:AG12) -> 10
A13: 10 | B13: Delhi | C13: 91 | E13: 2 | G13: 1 | H13: 1 | I13: 15 | J13: 12 | K13: 2 | M13: 1 | O13: 1 | P13: 1 | Q13: 8 | R13: 9 | S13: 2 | T13: 2 | U13: 2 | V13: 3 | W13: 7 | Y13: 1 | Z13: 1 | AE13: 2 | AG13: 10 | AH13: =SUM(C13:AG13) -> 174
A14: 11 | B14: Goa | C14: 28 | D14: 2 | E14: 1 | G14: 1 | I14: 3 | J14: 6 | K14: 2 | M14: 1 | N14: 2 | P14: 2 | R14: 2 | S14: 1 | T14: 1 | U14: 1 | W14: 2 | Z14: 1 | AG14: 2 | AH14: =SUM(C14:AG14) -> 58
A15: 12 | B15: Gujarat | C15: 899 | D15: 32 | E15: 15 | F15: 110 | G15: 87 | H15: 91 | I15: 217 | J15: 207 | K15: 4 | L15: 3 | M15: 3 | N15: 4 | O15: 1 | P15: 52 | Q15: 75 | R15: 21 | S15: 23 | T15: 9 | U15: 29 | V15: 10 | W15: 74 | Y15: 11 | Z15: 51 | AA15: 45 | AB15: 21 | AC15: 107 | AD15: 7 | AE15: 3 | AF15: 6 | AG15: 41 | AH15: =SUM(C15:AG15) -> 2258
A16: 13 | B16: Haryana | C16: 519 | D16: 4 | E16: 9 | F16: 3 | H16: 4 | I16: 257 | J16: 82 | N16: 1 | P16: 16 | Q16: 20 | R16: 4 | S16: 7 | T16: 9 | U16: 1 | V16: 8 | W16: 31 | Z16: 34 | AA16: 5 | AB16: 1 | AC16: 3 | AF16: 8 | AG16: 8 | AH16: =SUM(C16:AG16) -> 1034
A17: 14 | B17: Himachal Pradesh | C17: 197 | F17: 2 | H17: 2 | I17: 39 | J17: 18 | K17: 1 | N17: 4 | P17: 5 | Q17: 4 | R17: 5 | S17: 2 | T17: 5 | U17: 1 | V17: 2 | W17: 20 | X17: 1 | Z17: 16 | AB17: 16 | AC17: 1 | AE17: 1 | AG17: 2 | AH17: =SUM(C17:AG17) -> 344
A18: 15 | B18: Jammu and Kashmir | C18: 188 | D18: 3 | E18: 1 | F18: 1 | G18: 1 | H18: 3 | I18: 70 | J18: 8 | L18: 1 | P18: 5 | Q18: 1 | R18: 6 | S18: 2 | T18: 3 | V18: 3 | W18: 6 | X18: 3 | Y18: 2 | AA18: 1 | AE18: 1 | AF18: 1 | AG18: 3 | AH18: =SUM(C18:AG18) -> 313
A19: 16 | B19: Jharkhand | C19: 181 | F19: 8 | G19: 1 | I19: 80 | J19: 16 | P19: 6 | Q19: 2 | R19: 2 | S19: 1 | T19: 3 | U19: 3 | V19: 4 | W19: 3 | Z19: 1 | AB19: 4 | AE19: 1 | AG19: 1 | AH19: =SUM(C19:AG19) -> 317
A20: 17 | B20: Karnataka | C20: 2559 | D20: 20 | E20: 15 | F20: 73 | G20: 112 | H20: 23 | I20: 123 | J20: 178 | K20: 11 | L20: 1 | M20: 2 | N20: 10 | O20: 2 | P20: 70 | Q20: 66 | R20: 39 | S20: 69 | T20: 38 | U20: 13 | V20: 39 | W20: 256 | X20: 2 | Y20: 29 | Z20: 54 | AA20: 38 | AB20: 23 | AC20: 13 | AD20: 12 | AE20: 15 | AF20: 5 | AG20: 61 | AH20: =SUM(C20:AG20) -> 3971
A21: 18 | B21: Kerala | C21: 712 | D21: 5 | E21: 19 | F21: 22 | G21: 2 | H21: 2 | I21: 106 | J21: 119 | K21: 6 | M21: 1 | N21: 4 | P21: 12 | Q21: 33 | R21: 18 | S21: 14 | T21: 21 | U21: 6 | V21: 14 | W21: 104 | X21: 7 | Y21: 26 | Z21: 32 | AA21: 2 | AB21: 3 | AC21: 2 | AE21: 2 | AF21: 2 | AG21: 17 | AH21: =SUM(C21:AG21) -> 1313
A22: 19 | B22: Ladakh | C22: 5 | AH22: =SUM(C22:AG22) -> 5
A23: 20 | B23: Lakshadweep | C23: 0 | D23: 0 | E23: 0 | F23: 0 | G23: 0 | H23: 0 | I23: 0 | J23: 0 | K23: 0 | L23: 0 | M23: 0 | N23: 0 | O23: 0 | P23: 0 | Q23: 0 | R23: 0 | S23: 0 | T23: 0 | U23: 0 | V23: 0 | W23: 0 | X23: 0 | Y23: 0 | Z23: 0 | AA23: 0 | AB23: 0 | AC23: 0 | AD23: 0 | AE23: 0 | AF23: 0 | AG23: 0 | AH23: =SUM(C23:AG23) -> 0
A24: 21 | B24: Madhya Pradesh | C24: 1317 | D24: 11 | E24: 1 | F24: 33 | G24: 9 | H24: 15 | I24: 145 | J24: 111 | K24: 18 | M24: 1 | N24: 2 | P24: 35 | Q24: 41 | R24: 7 | S24: 6 | T24: 5 | U24: 9 | V24: 8 | W24: 55 | X24: 3 | Y24: 11 | Z24: 70 | AB24: 6 | AC24: 12 | AD24: 1 | AE24: 2 | AF24: 2 | AG24: 10 | AH24: =SUM(C24:AG24) -> 1946
A25: 22 | B25: Maharashtra | C25: 2744 | D25: 106 | E25: 57 | F25: 120 | G25: 65 | H25: 34 | I25: 172 | J25: 345 | K25: 23 | L25: 4 | M25: 11 | N25: 14 | O25: 5 | P25: 87 | Q25: 98 | R25: 38 | S25: 54 | T25: 25 | U25: 37 | V25: 26 | W25: 80 | Y25: 3 | Z25: 144 | AA25: 28 | AB25: 3 | AC25: 52 | AD25: 36 | AE25: 16 | AF25: 7 | AG25: 60 | AH25: =SUM(C25:AG25) -> 4494
A26: 23 | B26: Manipur | C26: 68 | D26: 4 | F26: 1 | I26: 9 | J26: 4 | K26: 1 | P26: 1 | Q26: 2 | T26: 1 | V26: 2 | W26: 5 | AC26: 1 | AD26: 1 | AG26: 1 | AH26: =SUM(C26:AG26) -> 101
A27: 24 | B27: Meghalaya | C27: 41 | D27: 1 | F27: 6 | G27: 1 | I27: 3 | J27: 2 | P27: 1 | W27: 1 | AC27: 1 | AH27: =SUM(C27:AG27) -> 57
A28: 25 | B28: Mizoram | C28: 26 | D28: 1 | I28: 1 | J28: 1 | P28: 1 | R28: 1 | W28: 1 | Y28: 1 | AD28: 1 | AF28: 1 | AH28: =SUM(C28:AG28) -> 35
A29: 26 | B29: Nagaland | C29: 52 | F29: 2 | I29: 6 | J29: 1 | P29: 3 | W29: 1 | AG29: 1 | AH29: =SUM(C29:AG29) -> 66
A30: 27 | B30: Odisha | C30: 724 | E30: 2 | F30: 48 | G30: 1 | H30: 9 | I30: 19 | J30: 79 | K30: 5 | N30: 10 | O30: 1 | P30: 17 | Q30: 27 | R30: 4 | S30: 3 | T30: 2 | U30: 5 | V30: 4 | W30: 12 | X30: 4 | Y30: 1 | Z30: 14 | AA30: 3 | AB30: 51 | AC30: 8 | AD30: 2 | AE30: 2 | AG30: 20 | AH30: =SUM(C30:AG30) -> 1077
A31: 28 | B31: Puducherry | C31: 21 | D31: 1 | I31: 14 | J31: 12 | K31: 1 | P31: 1 | R31: 4 | S31: 1 | T31: 2 | V31: 1 | W31: 4 | Y31: 3 | Z31: 1 | AF31: 1 | AG31: 2 | AH31: =SUM(C31:AG31) -> 69
A32: 29 | B32: Punjab | C32: 463 | D32: 1 | E32: 2 | F32: 19 | G32: 5 | H32: 19 | I32: 161 | J32: 84 | K32: 1 | N32: 9 | P32: 14 | Q32: 40 | R32: 5 | S32: 15 | T32: 12 | U32: 4 | V32: 2 | W32: 84 | Y32: 2 | Z32: 30 | AA32: 4 | AC32: 2 | AE32: 9 | AF32: 2 | AG32: 17 | AH32: =SUM(C32:AG32) -> 1006
A33: 30 | B33: Rajasthan | C33: 2137 | D33: 23 | E33: 3 | F33: 115 | G33: 4 | H33: 6 | I33: 358 | J33: 79 | K33: 2 | M33: 1 | N33: 1 | P33: 45 | Q33: 9 | R33: 9 | S33: 15 | T33: 6 | U33: 5 | V33: 7 | W33: 120 | Y33: 1 | Z33: 61 | AA33: 6 | AB33: 45 | AC33: 13 | AE33: 6 | AF33: 9 | AG33: 15 | AH33: =SUM(C33:AG33) -> 3101
A34: 31 | B34: Sikkim | C34: 10 | I34: 3 | J34: 2 | W34: 1 | Z34: 1 | AB34: 1 | AC34: 1 | AH34: =SUM(C34:AG34) -> 19
A35: 32 | B35: Tamil Nadu | C35: 1285 | D35: 34 | E35: 36 | F35: 59 | G35: 1 | H35: 6 | I35: 200 | J35: 455 | K35: 5 | L35: 6 | M35: 1 | P35: 12 | Q35: 44 | R35: 42 | S35: 6 | T35: 15 | U35: 10 | V35: 74 | W35: 132 | X35: 2 | Y35: 36 | Z35: 35 | AA35: 20 | AB35: 1 | AC35: 12 | AD35: 1 | AE35: 18 | AF35: 4 | AG35: 56 | AH35: =SUM(C35:AG35) -> 2608
A36: 33 | B36: Telangana | C36: 1431 | E36: 8 | F36: 4 | G36: 16 | H36: 1 | I36: 62 | J36: 191 | K36: 2 | N36: 19 | O36: 1 | P36: 11 | Q36: 61 | R36: 22 | S36: 3 | T36: 11 | U36: 4 | V36: 18 | W36: 44 | X36: 7 | Y36: 10 | Z36: 81 | AA36: 17 | AC36: 4 | AD36: 1 | AE36: 4 | AG36: 9 | AH36: =SUM(C36:AG36) -> 2042
A37: 34 | B37: Tripura | C37: 26 | D37: 1 | I37: 2 | J37: 9 | K37: 1 | L37: 1 | P37: 1 | R37: 2 | W37: 3 | Y37: 1 | Z37: 2 | AE37: 1 | AF37: 1 | AG37: 2 | AH37: =SUM(C37:AG37) -> 53
A38: 35 | B38: Uttar Pradesh | C38: 5573 | D38: 13 | E38: 7 | F38: 200 | G38: 3 | H38: 7 | I38: 198 | J38: 158 | K38: 5 | M38: 1 | N38: 3 | O38: 1 | P38: 134 | Q38: 83 | R38: 15 | S38: 23 | T38: 15 | U38: 8 | V38: 16 | W38: 22 | X38: 28 | Y38: 3 | Z38: 95 | AA38: 1 | AB38: 225 | AC38: 24 | AE38: 4 | AG38: 23 | AH38: =SUM(C38:AG38) -> 6888
A39: 36 | B39: Uttarakhand | C39: 245 | D39: 4 | E39: 1 | F39: 5 | H39: 2 | I39: 21 | J39: 18 | L39: 1 | M39: 1 | N39: 4 | P39: 7 | Q39: 10 | R39: 2 | S39: 10 | T39: 2 | V39: 5 | W39: 10 | X39: 4 | Y39: 4 | Z39: 12 | AB39: 28 | AC39: 2 | AE39: 3 | AF39: 1 | AG39: 2 | AH39: =SUM(C39:AG39) -> 404
A40: 37 | B40: West Bengal | C40: 757 | F40: 10 | G40: 1 | H40: 8 | I40: 360 | J40: 80 | K40: 7 | L40: 1 | N40: 5 | P40: 26 | Q40: 32 | R40: 27 | S40: 4 | T40: 5 | U40: 11 | V40: 10 | W40: 22 | Y40: 4 | Z40: 13 | AA40: 3 | AB40: 2 | AC40: 1 | AE40: 2 | AG40: 18 | AH40: =SUM(C40:AG40) -> 1409
A41: All India | C41: =SUM(C4:C40) -> 25511 | D41: =SUM(D4:D40) -> 328 | E41: =SUM(E4:E40) -> 186 | F41: =SUM(F4:F40) -> 897 | G41: =SUM(G4:G40) -> 330 | H41: =SUM(H4:H40) -> 256 | I41: =SUM(I4:I40) -> 3015 | J41: =SUM(J4:J40) -> 2678 | ... AH41: =SUM(AH4:AH40) -> 39955

Sheet 5ManagementCollegeNo
A1: Table | C1: 5. Number of Private and Government Colleges (Based on actual Response) | H1: 5(a). Enrolment in Private and Government Colleges (Based on actual Response) | M1: 5(b). Number of Colleges Established in 2019 and their Enrolment (Based on actual Response)
A2: Sl. No. | B2: State/UTs | C2: Private Un-Aided | D2: Private Aided | E2: Private Total | F2: Government | G2: Total | H2: Private Un-Aided | I2: Private Aided | J2: Private Total | K2: Government | L2: Total | M2: Private Un-Aided | O2: Private Aided | Q2: Government | S2: Total
M3: Number | N3: Enrolment | O3: Number | P3: Enrolment | Q3: Number | R3: Enrolment | S3: Number | T3: Enrolment
A4: 1 | B4: 2 | C4: 3 | D4: 4 | E4: 5 | F4: 6 | G4: 7 | H4: 3 | I4: 4 | J4: 5 | K4: 6 | L4: 7 | M4: 3 | N4: 4 | O4: 5 | P4: 6 | Q4: 7 | R4: 8 | S4: 9 | T4: 10
A5: 1 | B5: Andaman and Nicobar Islands | C5: 0 | D5: 0 | E5: =C5+D5 -> 0 | F5: 8 | G5: =E5+F5 -> 8 | H5: 0 | I5: 0 | J5: =H5+I5 -> 0 | K5: 5908 | L5: =J5+K5 -> 5908 | M5: 0 | N5: 0 | O5: 0 | P5: 0 | Q5: 0 | R5: 0 | S5: =M5+O5+Q5 -> 0 | T5: =N5+P5+R5 -> 0
A6: 2 | B6: Andhra Pradesh | C6: 2027 | D6: 166 | E6: =C6+D6 -> 2193 | F6: 308 | G6: =E6+F6 -> 2501 | H6: 1046189 | I6: 143701 | J6: =H6+I6 -> 1189890 | K6: 176975 | L6: =J6+K6 -> 1366865 | M6: 2 | N6: 129 | O6: 0 | P6: 0 | Q6: 4 | R6: 455 | S6: =M6+O6+Q6 -> 6 | T6: =N6+P6+R6 -> 584
A7: 3 | B7: Arunachal Pradesh | C7: 13 | D7: 1 | E7: =C7+D7 -> 14 | F7: 24 | G7: =E7+F7 -> 38 | H7: 4265 | I7: 673 | J7: =H7+I7 -> 4938 | K7: 16075 | L7: =J7+K7 -> 21013 | M7: 0 | N7: 0 | O7: 0 | P7: 0 | Q7: 0 | R7: 0 | S7: =M7+O7+Q7 -> 0 | T7: =N7+P7+R7 -> 0
A8: 4 | B8: Assam | C8: 66 | D8: 23 | E8: =C8+D8 -> 89 | F8: 444 | G8: =E8+F8 -> 533 | H8: 20235 | I8: 5834 | J8: =H8+I8 -> 26069 | K8: 437650 | L8: =J8+K8 -> 463719 | M8: 1 | N8: 100 | O8: 0 | P8: 0 | Q8: 0 | R8: 0 | S8: =M8+O8+Q8 -> 1 | T8: =N8+P8+R8 -> 100
A9: 5 | B9: Bihar | C9: 245 | D9: 102 | E9: =C9+D9 -> 347 | F9: 516 | G9: =E9+F9 -> 863 | H9: 78541 | I9: 145518 | J9: =H9+I9 -> 224059 | K9: 1245674 | L9: =J9+K9 -> 1469733 | M9: 1 | N9: 60 | O9: 0 | P9: 0 | Q9: 17 | R9: 1693 | S9: =M9+O9+Q9 -> 18 | T9: =N9+P9+R9 -> 1753
A10: 6 | B10: Chandigarh | C10: 2 | D10: 7 | E10: =C10+D10 -> 9 | F10: 16 | G10: =E10+F10 -> 25 | H10: 307 | I10: 30002 | J10: =H10+I10 -> 30309 | K10: 20247 | L10: =J10+K10 -> 50556 | M10: 0 | N10: 0 | O10: 0 | P10: 0 | Q10: 0 | R10: 0 | S10: =M10+O10+Q10 -> 0 | T10: =N10+P10+R10 -> 0
A11: 7 | B11: Chhattisgarh | C11: 353 | D11: 81 | E11: =C11+D11 -> 434 | F11: 373 | G11: =E11+F11 -> 807 | H11: 120866 | I11: 38781 | J11: =H11+I11 -> 159647 | K11: 289869 | L11: =J11+K11 -> 449516 | M11: 17 | N11: 1153 | O11: 4 | P11: 219 | Q11: 3 | R11: 182 | S11: =M11+O11+Q11 -> 24 | T11: =N11+P11+R11 -> 1554
A12: 8 | B12: Dadra and Nagar Haveli | C12: 5 | D12: 0 | E12: =C12+D12 -> 5 | F12: 3 | G12: =E12+F12 -> 8 | H12: 3369 | I12: 0 | J12: =H12+I12 -> 3369 | K12: 2719 | L12: =J12+K12 -> 6088 | M12: 0 | N12: 0 | O12: 0 | P12: 0 | Q12: 0 | R12: 0 | S12: =M12+O12+Q12 -> 0 | T12: =N12+P12+R12 -> 0
A13: 9 | B13: Daman and Diu | C13: 3 | D13: 1 | E13: =C13+D13 -> 4 | F13: 6 | G13: =E13+F13 -> 10 | H13: 369 | I13: 104 | J13: =H13+I13 -> 473 | K13: 3459 | L13: =J13+K13 -> 3932 | M13: 0 | N13: 0 | O13: 0 | P13: 0 | Q13: 0 | R13: 0 | S13: =M13+O13+Q13 -> 0 | T13: =N13+P13+R13 -> 0
A14: 10 | B14: Delhi | C14: 63 | D14: 14 | E14: =C14+D14 -> 77 | F14: 97 | G14: =E14+F14 -> 174 | H14: 62339 | I14: 31720 | J14: =H14+I14 -> 94059 | K14: 187838 | L14: =J14+K14 -> 281897 | M14: 0 | N14: 0 | O14: 0 | P14: 0 | Q14: 0 | R14: 0 | S14: =M14+O14+Q14 -> 0 | T14: =N14+P14+R14 -> 0
A15: 11 | B15: Goa | C15: 11 | D15: 25 | E15: =C15+D15 -> 36 | F15: 22 | G15: =E15+F15 -> 58 | H15: 3487 | I15: 20671 | J15: =H15+I15 -> 24158 | K15: 14721 | L15: =J15+K15 -> 38879 | M15: 0 | N15: 0 | O15: 0 | P15: 0 | Q15: 0 | R15: 0 | S15: =M15+O15+Q15 -> 0 | T15: =N15+P15+R15 -> 0
A16: 12 | B16: Gujarat | C16: 1442 | D16: 486 | E16: =C16+D16 -> 1928 | F16: 330 | G16: =E16+F16 -> 2258 | H16: 496075 | I16: 476509 | J16: =H16+I16 -> 972584 | K16: 218935 | L16: =J16+K16 -> 1191519 | M16: 36 | N16: 3305 | O16: 8 | P16: 277 | Q16: 3 | R16: 203 | S16: =M16+O16+Q16 -> 47 | T16: =N16+P16+R16 -> 3785
... A22: 18 | B22: Kerala | C22: 840 | D22: 211 | E22: =C22+D22 -> 1051 | F22: 262 | G22: =E22+F22 -> 1313 | H22: 358292 | I22: 266320 | J22: =H22+I22 -> 624612 | K22: 130012 | L22: =J22+K22 -> 754624 | M22: 3 | N22: 160 | O22: 0 | P22: 0 | Q22: 0 | R22: 0 | S22: =M22+O22+Q22 -> 3 | T22: =N22+P22+R22 -> 160
A23: 19 | B23: Ladakh | C23: 0 | D23: 0 | F23: 5 | G23: =E23+F23 -> 5 | H23: 0 | I23: 0 | K23: 2398 | L23: =J23+K23 -> 2398 | M23: 0 | N23: 0 | O23: 0 | P23: 0 | Q23: 0 | R23: 0
A24: 20 | B24: Lakshadweep | C24: 0 | D24: 0 | E24: =C24+D24 -> 0 | F24: 0 | G24: =E24+F24 -> 0 | H24: 0 | I24: 0 | J24: =H24+I24 -> 0 | K24: 0 | L24: =J24+K24 -> 0 | M24: 0 | N24: 0 | O24: 0 | P24: 0 | Q24: 0 | R24: 0 | S24: =M24+O24+Q24 -> 0 | T24: =N24+P24+R24 -> 0
A25: 21 | B25: Madhya Pradesh | C25: 1128 | D25: 198 | E25: =C25+D25 -> 1326 | F25: 620 | G25: =E25+F25 -> 1946 | H25: 511707 | I25: 122673 | J25: =H25+I25 -> 634380 | K25: 866856 | L25: =J25+K25 -> 1501236 | M25: 27 | N25: 2717 | O25: 0 | P25: 0 | Q25: 3 | R25: 521 | S25: =M25+O25+Q25 -> 30 | T25: =N25+P25+R25 -> 3238
A26: 22 | B26: Maharashtra | C26: 2801 | D26: 1158 | E26: =C26+D26 -> 3959 | F26: 535 | G26: =E26+F26 -> 4494 | H26: 1219087 | I26: 1534501 | J26: =H26+I26 -> 2753588 | K26: 255831 | L26: =J26+K26 -> 3009419 | M26: 143 | N26: 13250 | O26: 5 | P26: 306 | Q26: 11 | R26: 880 | S26: =M26+O26+Q26 -> 159 | T26: =N26+P26+R26 -> 14436
A27: 23 | B27: Manipur | C27: 29 | D27: 12 | E27: =C27+D27 -> 41 | F27: 60 | G27: =E27+F27 -> 101 | H27: 8719 | I27: 19515 | J27: =H27+I27 -> 28234 | K27: 78464 | L27: =J27+K27 -> 106698 | M27: 3 | N27: 98 | O27: 1 | P27: 135 | Q27: 1 | R27: 7 | S27: =M27+O27+Q27 -> 5 | T27: =N27+P27+R27 -> 240
A28: 24 | B28: Meghalaya | C28: 16 | D28: 15 | E28: =C28+D28 -> 31 | F28: 26 | G28: =E28+F28 -> 57 | H28: 9440 | I28: 18539 | J28: =H28+I28 -> 27979 | K28: 35028 | L28: =J28+K28 -> 63007 | M28: 0 | N28: 0 | O28: 0 | P28: 0 | Q28: 0 | R28: 0 | S28: =M28+O28+Q28 -> 0 | T28: =N28+P28+R28 -> 0
A29: 25 | B29: Mizoram | C29: 3 | D29: 1 | E29: =C29+D29 -> 4 | F29: 31 | G29: =E29+F29 -> 35 | H29: 446 | I29: 37 | J29: =H29+I29 -> 483 | K29: 19097 | L29: =J29+K29 -> 19580 | M29: 0 | N29: 0 | O29: 0 | P29: 0 | Q29: 0 | R29: 0 | S29: =M29+O29+Q29 -> 0 | T29: =N29+P29+R29 -> 0
A30: 26 | B30: Nagaland | C30: 12 | D30: 34 | E30: =C30+D30 -> 46 | F30: 20 | G30: =E30+F30 -> 66 | H30: 3001 | I30: 19348 | J30: =H30+I30 -> 22349 | K30: 11115 | L30: =J30+K30 -> 33464 | M30: 0 | N30: 0 | O30: 0 | P30: 0 | Q30: 0 | R30: 0 | S30: =M30+O30+Q30 -> 0 | T30: =N30+P30+R30 -> 0
A31: 27 | B31: Odisha | C31: 282 | D31: 432 | E31: =C31+D31 -> 714 | F31: 363 | G31: =E31+F31 -> 1077 | H31: 139451 | I31: 300937 | J31: =H31+I31 -> 440388 | K31: 268975 | L31: =J31+K31 -> 709363 | M31: 1 | N31: 15 | O31: 0 | P31: 0 | Q31: 0 | R31: 0 | S31: =M31+O31+Q31 -> 1 | T31: =N31+P31+R31 -> 15
A32: 28 | B32: Puducherry | C32: 43 | D32: 1 | E32: =C32+D32 -> 44 | F32: 25 | G32: =E32+F32 -> 69 | H32: 22637 | I32: 66 | J32: =H32+I32 -> 22703 | K32: 23367 | L32: =J32+K32 -> 46070 | M32: 0 | N32: 0 | O32: 0 | P32: 0 | Q32: 0 | R32: 0 | S32: =M32+O32+Q32 -> 0 | T32: =N32+P32+R32 -> 0
A33: 29 | B33: Punjab | C33: 636 | D33: 171 | E33: =C33+D33 -> 807 | F33: 199 | G33: =E33+F33 -> 1006 | H33: 206818 | I33: 158503 | J33: =H33+I33 -> 365321 | K33: 159156 | L33: =J33+K33 -> 524477 | M33: 6 | N33: 285 | O33: 0 | P33: 0 | Q33: 1 | R33: 39 | S33: =M33+O33+Q33 -> 7 | T33: =N33+P33+R33 -> 324
A34: 30 | B34: Rajasthan | C34: 2204 | D34: 229 | E34: =C34+D34 -> 2433 | F34: 668 | G34: =E34+F34 -> 3101 | H34: 845714 | I34: 84052 | J34: =H34+I34 -> 929766 | K34: 674165 | L34: =J34+K34 -> 1603931 | M34: 61 | N34: 3780 | O34: 10 | P34: 530 | Q34: 45 | R34: 9222 | S34: =M34+O34+Q34 -> 116 | T34: =N34+P34+R34 -> 13532
A35: 31 | B35: Sikkim | C35: 5 | D35: 0 | E35: =C35+D35 -> 5 | F35: 14 | G35: =E35+F35 -> 19 | H35: 1216 | I35: 0 | J35: =H35+I35 -> 1216 | K35: 10828 | L35: =J35+K35 -> 12044 | M35: 0 | N35: 0 | O35: 0 | P35: 0 | Q35: 0 | R35: 0 | S35: =M35+O35+Q35 -> 0 | T35: =N35+P35+R35 -> 0
... A41: 37 | B41: West Bengal | C41: 682 | D41: 231 | E41: =C41+D41 -> 913 | F41: 496 | G41: =E41+F41 -> 1409 | H41: 277972 | I41: 362692 | J41: =H41+I41 -> 640664 | K41: 1021064 | L41: =J41+K41 -> 1661728 | M41: 9 | N41: 1088 | O41: 1 | P41: 50 | Q41: 2 | R41: 200 | S41: =M41+O41+Q41 -> 12 | T41: =N41+P41+R41 -> 1338
A42: All India | C42: =SUM(C5:C41) -> 26054 | D42: =SUM(D5:D41) -> 5336 | E42: =SUM(E5:E41) -> 31390 | F42: =SUM(F5:F41) -> 8565 | G42: =SUM(G5:G41) -> 39955 | H42: =SUM(H5:H41) -> 12199079 | I42: =SUM(I5:I41) -> 5817325 | J42: =SUM(J5:J41) -> 18016404 | ... T42: =SUM(T5:T41) -> 68110

Sheet 6TotalEnr
B1: Table | C1: 6. State-wise Estimated Enrolment at various levels | L1: =C1 -> 6. State-wise Estimated Enrolment at various levels | U1: =L1 -> 6. State-wise Estimated Enrolment at various levels
A2: Sl. No. | B2: State/UTs | C2: Ph.D. | F2: M.Phil. | I2: Post Graduate | L2: Under Graduate | O2: PG Diploma | R2: Diploma | U2: Certificate | X2: Integrated | AA2: Grand Total
C3: Male | D3: Female | E3: Total | F3: Male | G3: Female | H3: Total | I3: Male | J3: Female | K3: Total | L3: Male | M3: Female | N3: Total | O3: Male | P3: Female | Q3: Total | R3: Male | S3: Female | T3: Total | U3: Male | V3: Female | W3: Total | X3: Male | Y3: Female | Z3: Total | AA3: Male | AB3: Female | AC3: Total
A4: 1 | B4: 2 | C4: 3 | D4: 4 | E4: 5 | F4: 6 | G4: 7 | H4: 8 | I4: 9 | J4: 10 | K4: 11 | L4: 12 | M4: 13 | N4: 14 | O4: 15 | P4: 16 | Q4: 17 | R4: 18 | S4: 19 | T4: 20 | U4: 21 | V4: 22 | W4: 23 | X4: 24 | Y4: 25 | Z4: 26 | AA4: 27 | AB4: 28 | AC4: 29
A5: 1 | B5: Andaman and Nicobar Islands | C5: 5 | D5: 9 | E5: 14 | F5: 0 | G5: 0 | H5: 0 | I5: 571 | J5: 969 | K5: 1540 | L5: 3397 | M5: 4059 | N5: 7456 | O5: 58 | P5: 40 | Q5: 98 | R5: 310 | S5: 262 | T5: 572 | U5: 46 | V5: 36 | W5: 82 | X5: 145 | Y5: 224 | Z5: 369 | AA5: 4532 | AB5: 5599 | AC5: =AA5+AB5 -> 10131
A6: 2 | B6: Andhra Pradesh | C6: 3837 | D6: 2879 | E6: 6716 | F6: 175 | G6: 102 | H6: 277 | I6: 112024 | J6: 105816 | K6: 217840 | L6: 798084 | M6: 694983 | N6: 1493067 | O6: 1402 | P6: 879 | Q6: 2281 | R6: 93033 | S6: 60085 | T6: 153118 | U6: 3921 | V6: 6917 | W6: 10838 | X6: 8650 | Y6: 4362 | Z6: 13012 | AA6: 1021126 | AB6: 876023 | AC6: =AA6+AB6 -> 1897149
A7: 3 | B7: Arunachal Pradesh | C7: 597 | D7: 469 | E7: 1066 | F7: 77 | G7: 113 | H7: 190 | I7: 4960 | J7: 5880 | K7: 10840 | L7: 20418 | M7: 19017 | N7: 39435 | O7: 127 | P7: 144 | Q7: 271 | R7: 1308 | S7: 645 | T7: 1953 | U7: 299 | V7: 119 | W7: 418 | X7: 1015 | Y7: 628 | Z7: 1643 | AA7: 28801 | AB7: 27015 | AC7: =AA7+AB7 -> 55816
A8: 4 | B8: Assam | C8: 3214 | D8: 2413 | E8: 5627 | F8: 245 | G8: 371 | H8: 616 | I8: 27523 | J8: 39800 | K8: 67323 | L8: 269915 | M8: 278078 | N8: 547993 | O8: 1683 | P8: 1530 | Q8: 3213 | R8: 11139 | S8: 8078 | T8: 19217 | U8: 743 | V8: 1176 | W8: 1919 | X8: 2446 | Y8: 2247 | Z8: 4693 | AA8: 316908 | AB8: 333693 | AC8: =AA8+AB8 -> 650601
A9: 5 | B9: Bihar | C9: 1665 | D9: 1034 | E9: 2699 | F9: 55 | G9: 15 | H9: 70 | I9: 61287 | J9: 59654 | K9: 120941 | L9: 855740 | M9: 677529 | N9: 1533269 | O9: 1814 | P9: 801 | Q9: 2615 | R9: 43054 | S9: 25907 | T9: 68961 | U9: 4029 | V9: 2564 | W9: 6593 | X9: 2258 | Y9: 1026 | Z9: 3284 | AA9: 969902 | AB9: 768530 | AC9: =AA9+AB9 -> 1738432
A10: 6 | B10: Chandigarh | C10: 409 | D10: 550 | E10: 959 | F10: 140 | G10: 48 | H10: 188 | I10: 8560 | J10: 13854 | K10: 22414 | L10: 39098 | M10: 34415 | N10: 73513 | O10: 1065 | P10: 1115 | Q10: 2180 | R10: 2340 | S10: 1944 | T10: 4284 | U10: 419 | V10: 281 | W10: 700 | X10: 1139 | Y10: 1290 | Z10: 2429 | AA10: 53170 | AB10: 53497 | AC10: =AA10+AB10 -> 106667
A11: 7 | B11: Chhattisgarh | C11: 824 | D11: 691 | E11: 1515 | F11: 109 | G11: 89 | H11: 198 | I11: 30137 | J11: 40444 | K11: 70581 | L11: 187304 | M11: 228077 | N11: 415381 | O11: 13986 | P11: 14396 | Q11: 28382 | R11: 38361 | S11: 27702 | T11: 66063 | U11: 210 | V11: 335 | W11: 545 | X11: 1882 | Y11: 1848 | Z11: 3730 | AA11: 272813 | AB11: 313582 | AC11: =AA11+AB11 -> 586395
A12: 8 | B12: Dadra and Nagar Haveli | C12: 0 | D12: 0 | E12: 0 | F12: 0 | G12: 0 | H12: 0 | I12: 122 | J12: 247 | K12: 369 | L12: 2401 | M12: 2855 | N12: 5256 | O12: 0 | P12: 0 | Q12: 0 | R12: 596 | S12: 135 | T12: 731 | U12: 0 | V12: 0 | W12: 0 | X12: 11 | Y12: 26 | Z12: 37 | AA12: 3130 | AB12: 3263 | AC12: =AA12+AB12 -> 6393
A13: 9 | B13: Daman and Diu | C13: 0 | D13: 0 | E13: 0 | F13: 0 | G13: 0 | H13: 0 | I13: 66 | J13: 186 | K13: 252 | L13: 1035 | M13: 1310 | N13: 2345 | O13: 0 | P13: 0 | Q13: 0 | R13: 1089 | S13: 246 | T13: 1335 | U13: 0 | V13: 0 | W13: 0 | X13: 0 | Y13: 0 | Z13: 0 | AA13: 2190 | AB13: 1742 | AC13: =AA13+AB13 -> 3932
A14: 10 | B14: Delhi | C14: 8812 | D14: 7458 | E14: 16270 | F14: 650 | G14: 672 | H14: 1322 | I14: 71734 | J14: 103717 | K14: 175451 | L14: 467104 | M14: 419284 | N14: 886388 | O14: 6054 | P14: 4758 | Q14: 10812 | R14: 18927 | S14: 15039 | T14: 33966 | U14: 2467 | V14: 1684 | W14: 4151 | X14: 2999 | Y14: 1497 | Z14: 4496 | AA14: 578747 | AB14: 554109 | AC14: =AA14+AB14 -> 1132856
A15: 11 | B15: Goa | C15: 217 | D15: 216 | E15: 433 | F15: 1 | G15: 4 | H15: 5 | I15: 2534 | J15: 4183 | K15: 6717 | L15: 17543 | M15: 21755 | N15: 39298 | O15: 105 | P15: 107 | Q15: 212 | R15: 4439 | S15: 930 | T15: 5369 | U15: 20 | V15: 4 | W15: 24 | X15: 196 | Y15: 528 | Z15: 724 | AA15: 25055 | AB15: 27727 | AC15: =AA15+AB15 -> 52782
A16: 12 | B16: Gujarat | C16: 4380 | D16: 3050 | E16: 7430 | F16: 468 | G16: 469 | H16: 937 | I16: 67586 | J16: 87425 | K16: 155011 | L16: 681018 | M16: 526227 | N16: 1207245 | O16: 3780 | P16: 3456 | Q16: 7236 | R16: 94560 | S16: 45181 | T16: 139741 | U16: 5540 | V16: 7185 | W16: 12725 | X16: 7635 | Y16: 6880 | Z16: 14515 | AA16: 864967 | AB16: 679873 | AC16: =AA16+AB16 -> 1544840
... A41: 37 | B41: West Bengal | C41: 8063 | D41: 4773 | E41: 12836 | F41: 1195 | G41: 983 | H41: 2178 | I41: 62665 | J41: 90360 | K41: 153025 | L41: 865130 | M41: 924953 | N41: 1790083 | O41: 3390 | P41: 2129 | Q41: 5519 | R41: 114991 | S41: 58776 | T41: 173767 | U41: 4859 | V41: 3695 | W41: 8554 | X41: 9336 | Y41: 5595 | Z41: 14931 | AA41: 1069629 | AB41: 1091264 | AC41: =AA41+AB41 -> 2160893
A42: All India | C42: =SUM(C5:C41) -> 111444 | D42: =SUM(D5:D41) -> 91106 | E42: =SUM(E5:E41) -> 202550 | F42: =SUM(F5:F41) -> 9043 | G42: =SUM(G5:G41) -> 14891 | H42: =SUM(H5:H41) -> 23934 | I42: =SUM(I5:I41) -> 1860163 | J42: =SUM(J5:J41) -> 2452372 | ... AC42: =SUM(AC5:AC41) -> 38536359

Sheet 6aTotalRegularEnr
B1: Table 6(a). | C1: State-wise Estimated Enrolment through Regular mode at various levels | L1: =C1 -> State-wise Estimated Enrolment through Regular mode at various levels | U1: =C1 -> State-wise Estimated Enrolment through Regular mode at various levels
A2: Sl No | B2: State/UTs | C2: Ph.D. | F2: M.Phil. | I2: Post Graduate | L2: Under Graduate | O2: PG Diploma | R2: Diploma | U2: Certificate | X2: Integrated | AA2: Grand Total
C3: Male | D3: Female | E3: Total | F3: Male | G3: Female | H3: Total | I3: Male | J3: Female | K3: Total | L3: Male | M3: Female | N3: Total | O3: Male | P3: Female | Q3: Total | R3: Male | S3: Female | T3: Total | U3: Male | V3: Female | W3: Total | X3: Male | Y3: Female | Z3: Total | AA3: Male | AB3: Female | AC3: Total
A4: 1 | B4: 2 | C4: 3 | D4: 4 | E4: 5 | F4: 6 | G4: 7 | H4: 8 | I4: 9 | J4: 10 | K4: 11 | L4: 12 | M4: 13 | N4: 14 | O4: 15 | P4: 16 | Q4: 17 | R4: 18 | S4: 19 | T4: 20 | U4: 21 | V4: 22 | W4: 23 | X4: 24 | Y4: 25 | Z4: 26 | AA4: 27 | AB4: 28 | AC4: 29
A5: 1 | B5: Andaman and Nicobar Islands | C5: ='6TotalEnr'!C5-'6bTotalDistanceEnr'!C5 -> 5 | D5: ='6TotalEnr'!D5-'6bTotalDistanceEnr'!D5 -> 9 | E5: ='6TotalEnr'!E5-'6bTotalDistanceEnr'!E5 -> 14 | F5: ='6TotalEnr'!F5-'6bTotalDistanceEnr'!F5 -> 0 | G5: ='6TotalEnr'!G5-'6bTotalDistanceEnr'!G5 -> 0 | H5: ='6TotalEnr'!H5-'6bTotalDistanceEnr'!H5 -> 0 | I5: ='6TotalEnr'!I5-'6bTotalDistanceEnr'!I5 -> 69 | J5: ='6TotalEnr'!J5-'6bTotalDistanceEnr'!J5 -> 283 | K5: =I5+J5 -> 352 | L5: ='6TotalEnr'!L5-'6bTotalDistanceEnr'!L5 -> 1933 | M5: ='6TotalEnr'!M5-'6bTotalDistanceEnr'!M5 -> 2757 | N5: ='6TotalEnr'!N5-'6bTotalDistanceEnr'!N5 -> 4690 | O5: ='6TotalEnr'!O5-'6bTotalDistanceEnr'!O5 -> 0 | P5: ='6TotalEnr'!P5-'6bTotalDistanceEnr'!P5 -> 0 | Q5: ='6TotalEnr'!Q5-'6bTotalDistanceEnr'!Q5 -> 0 | R5: ='6TotalEnr'!R5-'6bTotalDistanceEnr'!R5 -> 293 | S5: ='6TotalEnr'!S5-'6bTotalDistanceEnr'!S5 -> 231 | ... AC5: ='6TotalEnr'!AC5-'6bTotalDistanceEnr'!AC5 -> 6031
A6: 2 | B6: Andhra Pradesh | C6: ='6TotalEnr'!C6-'6bTotalDistanceEnr'!C6 -> 3837 | D6: ='6TotalEnr'!D6-'6bTotalDistanceEnr'!D6 -> 2879 | E6: ='6TotalEnr'!E6-'6bTotalDistanceEnr'!E6 -> 6716 | F6: ='6TotalEnr'!F6-'6bTotalDistanceEnr'!F6 -> 175 | G6: ='6TotalEnr'!G6-'6bTotalDistanceEnr'!G6 -> 102 | H6: ='6TotalEnr'!H6-'6bTotalDistanceEnr'!H6 -> 277 | I6: ='6TotalEnr'!I6-'6bTotalDistanceEnr'!I6 -> 88923 | J6: ='6TotalEnr'!J6-'6bTotalDistanceEnr'!J6 -> 85176 | K6: =I6+J6 -> 174099 | L6: ='6TotalEnr'!L6-'6bTotalDistanceEnr'!L6 -> 671286 | M6: ='6TotalEnr'!M6-'6bTotalDistanceEnr'!M6 -> 602648 | N6: ='6TotalEnr'!N6-'6bTotalDistanceEnr'!N6 -> 1273934 | O6: ='6TotalEnr'!O6-'6bTotalDistanceEnr'!O6 -> 792 | P6: ='6TotalEnr'!P6-'6bTotalDistanceEnr'!P6 -> 468 | Q6: ='6TotalEnr'!Q6-'6bTotalDistanceEnr'!Q6 -> 1260 | R6: ='6TotalEnr'!R6-'6bTotalDistanceEnr'!R6 -> 92704 | S6: ='6TotalEnr'!S6-'6bTotalDistanceEnr'!S6 -> 59683 | ... AC6: ='6TotalEnr'!AC6-'6bTotalDistanceEnr'!AC6 -> 1632509
A7: 3 | B7: Arunachal Pradesh | C7: ='6TotalEnr'!C7-'6bTotalDistanceEnr'!C7 -> 565 | D7: ='6TotalEnr'!D7-'6bTotalDistanceEnr'!D7 -> 421 | E7: ='6TotalEnr'!E7-'6bTotalDistanceEnr'!E7 -> 986 | F7: ='6TotalEnr'!F7-'6bTotalDistanceEnr'!F7 -> 57 | G7: ='6TotalEnr'!G7-'6bTotalDistanceEnr'!G7 -> 88 | H7: ='6TotalEnr'!H7-'6bTotalDistanceEnr'!H7 -> 145 | I7: ='6TotalEnr'!I7-'6bTotalDistanceEnr'!I7 -> 2874 | J7: ='6TotalEnr'!J7-'6bTotalDistanceEnr'!J7 -> 2296 | K7: =I7+J7 -> 5170 | L7: ='6TotalEnr'!L7-'6bTotalDistanceEnr'!L7 -> 16058 | M7: ='6TotalEnr'!M7-'6bTotalDistanceEnr'!M7 -> 13373 | N7: ='6TotalEnr'!N7-'6bTotalDistanceEnr'!N7 -> 29431 | O7: ='6TotalEnr'!O7-'6bTotalDistanceEnr'!O7 -> 59 | P7: ='6TotalEnr'!P7-'6bTotalDistanceEnr'!P7 -> 59 | Q7: ='6TotalEnr'!Q7-'6bTotalDistanceEnr'!Q7 -> 118 | R7: ='6TotalEnr'!R7-'6bTotalDistanceEnr'!R7 -> 1263 | S7: ='6TotalEnr'!S7-'6bTotalDistanceEnr'!S7 -> 583 | ... AC7: ='6TotalEnr'!AC7-'6bTotalDistanceEnr'!AC7 -> 39757
A8: 4 | B8: Assam | C8: ='6TotalEnr'!C8-'6bTotalDistanceEnr'!C8 -> 3214 | D8: ='6TotalEnr'!D8-'6bTotalDistanceEnr'!D8 -> 2413 | E8: ='6TotalEnr'!E8-'6bTotalDistanceEnr'!E8 -> 5627 | F8: ='6TotalEnr'!F8-'6bTotalDistanceEnr'!F8 -> 245 | G8: ='6TotalEnr'!G8-'6bTotalDistanceEnr'!G8 -> 371 | H8: ='6TotalEnr'!H8-'6bTotalDistanceEnr'!H8 -> 616 | I8: ='6TotalEnr'!I8-'6bTotalDistanceEnr'!I8 -> 12716 | J8: ='6TotalEnr'!J8-'6bTotalDistanceEnr'!J8 -> 17995 | K8: =I8+J8 -> 30711 | L8: ='6TotalEnr'!L8-'6bTotalDistanceEnr'!L8 -> 241521 | M8: ='6TotalEnr'!M8-'6bTotalDistanceEnr'!M8 -> 259643 | N8: ='6TotalEnr'!N8-'6bTotalDistanceEnr'!N8 -> 501164 | O8: ='6TotalEnr'!O8-'6bTotalDistanceEnr'!O8 -> 473 | P8: ='6TotalEnr'!P8-'6bTotalDistanceEnr'!P8 -> 576 | Q8: ='6TotalEnr'!Q8-'6bTotalDistanceEnr'!Q8 -> 1049 | R8: ='6TotalEnr'!R8-'6bTotalDistanceEnr'!R8 -> 10655 | S8: ='6TotalEnr'!S8-'6bTotalDistanceEnr'!S8 -> 7374 | ... AC8: ='6TotalEnr'!AC8-'6bTotalDistanceEnr'!AC8 -> 563793
A9: 5 | B9: Bihar | C9: ='6TotalEnr'!C9-'6bTotalDistanceEnr'!C9 -> 1665 | D9: ='6TotalEnr'!D9-'6bTotalDistanceEnr'!D9 -> 1034 | E9: ='6TotalEnr'!E9-'6bTotalDistanceEnr'!E9 -> 2699 | F9: ='6TotalEnr'!F9-'6bTotalDistanceEnr'!F9 -> 55 | G9: ='6TotalEnr'!G9-'6bTotalDistanceEnr'!G9 -> 15 | H9: ='6TotalEnr'!H9-'6bTotalDistanceEnr'!H9 -> 70 | I9: ='6TotalEnr'!I9-'6bTotalDistanceEnr'!I9 -> 37369 | J9: ='6TotalEnr'!J9-'6bTotalDistanceEnr'!J9 -> 35886 | K9: =I9+J9 -> 73255 | L9: ='6TotalEnr'!L9-'6bTotalDistanceEnr'!L9 -> 801196 | M9: ='6TotalEnr'!M9-'6bTotalDistanceEnr'!M9 -> 647494 | N9: ='6TotalEnr'!N9-'6bTotalDistanceEnr'!N9 -> 1448690 | O9: ='6TotalEnr'!O9-'6bTotalDistanceEnr'!O9 -> 788 | P9: ='6TotalEnr'!P9-'6bTotalDistanceEnr'!P9 -> 401 | Q9: ='6TotalEnr'!Q9-'6bTotalDistanceEnr'!Q9 -> 1189 | R9: ='6TotalEnr'!R9-'6bTotalDistanceEnr'!R9 -> 42497 | S9: ='6TotalEnr'!S9-'6bTotalDistanceEnr'!S9 -> 25277 | ... AC9: ='6TotalEnr'!AC9-'6bTotalDistanceEnr'!AC9 -> 1603547
A10: 6 | B10: Chandigarh | C10: ='6TotalEnr'!C10-'6bTotalDistanceEnr'!C10 -> 409 | D10: ='6TotalEnr'!D10-'6bTotalDistanceEnr'!D10 -> 550 | E10: ='6TotalEnr'!E10-'6bTotalDistanceEnr'!E10 -> 959 | F10: ='6TotalEnr'!F10-'6bTotalDistanceEnr'!F10 -> 140 | G10: ='6TotalEnr'!G10-'6bTotalDistanceEnr'!G10 -> 48 | H10: ='6TotalEnr'!H10-'6bTotalDistanceEnr'!H10 -> 188 | I10: ='6TotalEnr'!I10-'6bTotalDistanceEnr'!I10 -> 4482 | J10: ='6TotalEnr'!J10-'6bTotalDistanceEnr'!J10 -> 8372 | K10: =I10+J10 -> 12854 | L10: ='6TotalEnr'!L10-'6bTotalDistanceEnr'!L10 -> 26617 | M10: ='6TotalEnr'!M10-'6bTotalDistanceEnr'!M10 -> 28722 | N10: ='6TotalEnr'!N10-'6bTotalDistanceEnr'!N10 -> 55339 | O10: ='6TotalEnr'!O10-'6bTotalDistanceEnr'!O10 -> 264 | P10: ='6TotalEnr'!P10-'6bTotalDistanceEnr'!P10 -> 437 | Q10: ='6TotalEnr'!Q10-'6bTotalDistanceEnr'!Q10 -> 701 | R10: ='6TotalEnr'!R10-'6bTotalDistanceEnr'!R10 -> 2047 | S10: ='6TotalEnr'!S10-'6bTotalDistanceEnr'!S10 -> 1223 | ... AC10: ='6TotalEnr'!AC10-'6bTotalDistanceEnr'!AC10 -> 76408
A11: 7 | B11: Chhattisgarh | C11: ='6TotalEnr'!C11-'6bTotalDistanceEnr'!C11 -> 824 | D11: ='6TotalEnr'!D11-'6bTotalDistanceEnr'!D11 -> 691 | E11: ='6TotalEnr'!E11-'6bTotalDistanceEnr'!E11 -> 1515 | F11: ='6TotalEnr'!F11-'6bTotalDistanceEnr'!F11 -> 109 | G11: ='6TotalEnr'!G11-'6bTotalDistanceEnr'!G11 -> 89 | H11: ='6TotalEnr'!H11-'6bTotalDistanceEnr'!H11 -> 198 | I11: ='6TotalEnr'!I11-'6bTotalDistanceEnr'!I11 -> 23040 | J11: ='6TotalEnr'!J11-'6bTotalDistanceEnr'!J11 -> 34523 | K11: =I11+J11 -> 57563 | L11: ='6TotalEnr'!L11-'6bTotalDistanceEnr'!L11 -> 173403 | M11: ='6TotalEnr'!M11-'6bTotalDistanceEnr'!M11 -> 219635 | N11: ='6TotalEnr'!N11-'6bTotalDistanceEnr'!N11 -> 393038 | O11: ='6TotalEnr'!O11-'6bTotalDistanceEnr'!O11 -> 4672 | P11: ='6TotalEnr'!P11-'6bTotalDistanceEnr'!P11 -> 5099 | Q11: ='6TotalEnr'!Q11-'6bTotalDistanceEnr'!Q11 -> 9771 | R11: ='6TotalEnr'!R11-'6bTotalDistanceEnr'!R11 -> 22197 | S11: ='6TotalEnr'!S11-'6bTotalDistanceEnr'!S11 -> 15478 | ... AC11: ='6TotalEnr'!AC11-'6bTotalDistanceEnr'!AC11 -> 504035
A12: 8 | B12: Dadra and Nagar Haveli | C12: ='6TotalEnr'!C12-'6bTotalDistanceEnr'!C12 -> 0 | D12: ='6TotalEnr'!D12-'6bTotalDistanceEnr'!D12 -> 0 | E12: ='6TotalEnr'!E12-'6bTotalDistanceEnr'!E12 -> 0 | F12: ='6TotalEnr'!F12-'6bTotalDistanceEnr'!F12 -> 0 | G12: ='6TotalEnr'!G12-'6bTotalDistanceEnr'!G12 -> 0 | H12: ='6TotalEnr'!H12-'6bTotalDistanceEnr'!H12 -> 0 | I12: ='6TotalEnr'!I12-'6bTotalDistanceEnr'!I12 -> 122 | J12: ='6TotalEnr'!J12-'6bTotalDistanceEnr'!J12 -> 247 | K12: =I12+J12 -> 369 | L12: ='6TotalEnr'!L12-'6bTotalDistanceEnr'!L12 -> 2401 | M12: ='6TotalEnr'!M12-'6bTotalDistanceEnr'!M12 -> 2855 | N12: ='6TotalEnr'!N12-'6bTotalDistanceEnr'!N12 -> 5256 | O12: ='6TotalEnr'!O12-'6bTotalDistanceEnr'!O12 -> 0 | P12: ='6TotalEnr'!P12-'6bTotalDistanceEnr'!P12 -> 0 | Q12: ='6TotalEnr'!Q12-'6bTotalDistanceEnr'!Q12 -> 0 | R12: ='6TotalEnr'!R12-'6bTotalDistanceEnr'!R12 -> 596 | S12: ='6TotalEnr'!S12-'6bTotalDistanceEnr'!S12 -> 135 | ... AC12: ='6TotalEnr'!AC12-'6bTotalDistanceEnr'!AC12 -> 6393
A13: 9 | B13: Daman and Diu | C13: ='6TotalEnr'!C13-'6bTotalDistanceEnr'!C13 -> 0 | D13: ='6TotalEnr'!D13-'6bTotalDistanceEnr'!D13 -> 0 | E13: ='6TotalEnr'!E13-'6bTotalDistanceEnr'!E13 -> 0 | F13: ='6TotalEnr'!F13-'6bTotalDistanceEnr'!F13 -> 0 | G13: ='6TotalEnr'!G13-'6bTotalDistanceEnr'!G13 -> 0 | H13: ='6TotalEnr'!H13-'6bTotalDistanceEnr'!H13 -> 0 | I13: ='6TotalEnr'!I13-'6bTotalDistanceEnr'!I13 -> 66 | J13: ='6TotalEnr'!J13-'6bTotalDistanceEnr'!J13 -> 186 | K13: =I13+J13 -> 252 | L13: ='6TotalEnr'!L13-'6bTotalDistanceEnr'!L13 -> 1035 | M13: ='6TotalEnr'!M13-'6bTotalDistanceEnr'!M13 -> 1310 | N13: ='6TotalEnr'!N13-'6bTotalDistanceEnr'!N13 -> 2345 | O13: ='6TotalEnr'!O13-'6bTotalDistanceEnr'!O13 -> 0 | P13: ='6TotalEnr'!P13-'6bTotalDistanceEnr'!P13 -> 0 | Q13: ='6TotalEnr'!Q13-'6bTotalDistanceEnr'!Q13 -> 0 | R13: ='6TotalEnr'!R13-'6bTotalDistanceEnr'!R13 -> 1089 | S13: ='6TotalEnr'!S13-'6bTotalDistanceEnr'!S13 -> 246 | ... AC13: ='6TotalEnr'!AC13-'6bTotalDistanceEnr'!AC13 -> 3932
A14: 10 | B14: Delhi | C14: ='6TotalEnr'!C14-'6bTotalDistanceEnr'!C14 -> 8812 | D14: ='6TotalEnr'!D14-'6bTotalDistanceEnr'!D14 -> 7458 | E14: ='6TotalEnr'!E14-'6bTotalDistanceEnr'!E14 -> 16270 | F14: ='6TotalEnr'!F14-'6bTotalDistanceEnr'!F14 -> 650 | G14: ='6TotalEnr'!G14-'6bTotalDistanceEnr'!G14 -> 672 | H14: ='6TotalEnr'!H14-'6bTotalDistanceEnr'!H14 -> 1322 | I14: ='6TotalEnr'!I14-'6bTotalDistanceEnr'!I14 -> 24635 | J14: ='6TotalEnr'!J14-'6bTotalDistanceEnr'!J14 -> 24080 | K14: =I14+J14 -> 48715 | L14: ='6TotalEnr'!L14-'6bTotalDistanceEnr'!L14 -> 162498 | M14: ='6TotalEnr'!M14-'6bTotalDistanceEnr'!M14 -> 178598 | N14: ='6TotalEnr'!N14-'6bTotalDistanceEnr'!N14 -> 341096 | O14: ='6TotalEnr'!O14-'6bTotalDistanceEnr'!O14 -> 2692 | P14: ='6TotalEnr'!P14-'6bTotalDistanceEnr'!P14 -> 2215 | Q14: ='6TotalEnr'!Q14-'6bTotalDistanceEnr'!Q14 -> 4907 | R14: ='6TotalEnr'!R14-'6bTotalDistanceEnr'!R14 -> 17816 | S14: ='6TotalEnr'!S14-'6bTotalDistanceEnr'!S14 -> 12949 | ... AC14: ='6TotalEnr'!AC14-'6bTotalDistanceEnr'!AC14 -> 451538
A15: 11 | B15: Goa | C15: ='6TotalEnr'!C15-'6bTotalDistanceEnr'!C15 -> 217 | D15: ='6TotalEnr'!D15-'6bTotalDistanceEnr'!D15 -> 216 | E15: ='6TotalEnr'!E15-'6bTotalDistanceEnr'!E15 -> 433 | F15: ='6TotalEnr'!F15-'6bTotalDistanceEnr'!F15 -> 1 | G15: ='6TotalEnr'!G15-'6bTotalDistanceEnr'!G15 -> 4 | H15: ='6TotalEnr'!H15-'6bTotalDistanceEnr'!H15 -> 5 | I15: ='6TotalEnr'!I15-'6bTotalDistanceEnr'!I15 -> 1799 | J15: ='6TotalEnr'!J15-'6bTotalDistanceEnr'!J15 -> 3139 | K15: =I15+J15 -> 4938 | L15: ='6TotalEnr'!L15-'6bTotalDistanceEnr'!L15 -> 15641 | M15: ='6TotalEnr'!M15-'6bTotalDistanceEnr'!M15 -> 20727 | N15: ='6TotalEnr'!N15-'6bTotalDistanceEnr'!N15 -> 36368 | O15: ='6TotalEnr'!O15-'6bTotalDistanceEnr'!O15 -> 39 | P15: ='6TotalEnr'!P15-'6bTotalDistanceEnr'!P15 -> 52 | Q15: ='6TotalEnr'!Q15-'6bTotalDistanceEnr'!Q15 -> 91 | R15: ='6TotalEnr'!R15-'6bTotalDistanceEnr'!R15 -> 4412 | S15: ='6TotalEnr'!S15-'6bTotalDistanceEnr'!S15 -> 872 | ... AC15: ='6TotalEnr'!AC15-'6bTotalDistanceEnr'!AC15 -> 47867
A16: 12 | B16: Gujarat | C16: ='6TotalEnr'!C16-'6bTotalDistanceEnr'!C16 -> 4380 | D16: ='6TotalEnr'!D16-'6bTotalDistanceEnr'!D16 -> 3050 | E16: ='6TotalEnr'!E16-'6bTotalDistanceEnr'!E16 -> 7430 | F16: ='6TotalEnr'!F16-'6bTotalDistanceEnr'!F16 -> 468 | G16: ='6TotalEnr'!G16-'6bTotalDistanceEnr'!G16 -> 469 | H16: ='6TotalEnr'!H16-'6bTotalDistanceEnr'!H16 -> 937 | I16: ='6TotalEnr'!I16-'6bTotalDistanceEnr'!I16 -> 62682 | J16: ='6TotalEnr'!J16-'6bTotalDistanceEnr'!J16 -> 81184 | K16: =I16+J16 -> 143866 | L16: ='6TotalEnr'!L16-'6bTotalDistanceEnr'!L16 -> 652694 | M16: ='6TotalEnr'!M16-'6bTotalDistanceEnr'!M16 -> 509260 | N16: ='6TotalEnr'!N16-'6bTotalDistanceEnr'!N16 -> 1161954 | O16: ='6TotalEnr'!O16-'6bTotalDistanceEnr'!O16 -> 3055 | P16: ='6TotalEnr'!P16-'6bTotalDistanceEnr'!P16 -> 3009 | Q16: ='6TotalEnr'!Q16-'6bTotalDistanceEnr'!Q16 -> 6064 | R16: ='6TotalEnr'!R16-'6bTotalDistanceEnr'!R16 -> 94354 | S16: ='6TotalEnr'!S16-'6bTotalDistanceEnr'!S16 -> 44466 | ... AC16: ='6TotalEnr'!AC16-'6bTotalDistanceEnr'!AC16 -> 1481729
... A41: 37 | B41: West Bengal | C41: ='6TotalEnr'!C41-'6bTotalDistanceEnr'!C41 -> 8063 | D41: ='6TotalEnr'!D41-'6bTotalDistanceEnr'!D41 -> 4773 | E41: ='6TotalEnr'!E41-'6bTotalDistanceEnr'!E41 -> 12836 | F41: ='6TotalEnr'!F41-'6bTotalDistanceEnr'!F41 -> 1195 | G41: ='6TotalEnr'!G41-'6bTotalDistanceEnr'!G41 -> 983 | H41: ='6TotalEnr'!H41-'6bTotalDistanceEnr'!H41 -> 2178 | I41: ='6TotalEnr'!I41-'6bTotalDistanceEnr'!I41 -> 43523 | J41: ='6TotalEnr'!J41-'6bTotalDistanceEnr'!J41 -> 48248 | K41: =I41+J41 -> 91771 | L41: ='6TotalEnr'!L41-'6bTotalDistanceEnr'!L41 -> 792565 | M41: ='6TotalEnr'!M41-'6bTotalDistanceEnr'!M41 -> 875822 | N41: ='6TotalEnr'!N41-'6bTotalDistanceEnr'!N41 -> 1668387 | O41: ='6TotalEnr'!O41-'6bTotalDistanceEnr'!O41 -> 2697 | P41: ='6TotalEnr'!P41-'6bTotalDistanceEnr'!P41 -> 1508 | Q41: ='6TotalEnr'!Q41-'6bTotalDistanceEnr'!Q41 -> 4205 | R41: ='6TotalEnr'!R41-'6bTotalDistanceEnr'!R41 -> 114411 | S41: ='6TotalEnr'!S41-'6bTotalDistanceEnr'!S41 -> 58012 | ... AC41: ='6TotalEnr'!AC41-'6bTotalDistanceEnr'!AC41 -> 1973537
A42: All India | C42: =SUM(C5:C41) -> 111400 | D42: =SUM(D5:D41) -> 91049 | E42: =SUM(E5:E41) -> 202449 | F42: =SUM(F5:F41) -> 9010 | G42: =SUM(G5:G41) -> 14855 | H42: =SUM(H5:H41) -> 23865 | I42: =SUM(I5:I41) -> 1355452 | J42: =SUM(J5:J41) -> 1835637 | ... AC42: =SUM(AC5:AC41) -> 34249437

Sheet 6bTotalDistanceEnr
B1: Table 6(b). | C1: State-wise Enrolment through Distance mode at various levels (Based on actual Response) | L1: =C1 -> State-wise Enrolment through Distance mode at various levels (Based on actual Response) | U1: =L1 -> State-wise Enrolment through Distance mode at various levels (Based on actual Response)
A2: Sl No | B2: State/UTs | C2: Ph.D. | F2: M.Phil. | I2: Post Graduate | L2: Under Graduate | O2: PG Diploma | R2: Diploma | U2: Certificate | X2: Integrated | AA2: Grand Total
C3: Male | D3: Female | E3: Total | F3: Male | G3: Female | H3: Total | I3: Male | J3: Female | K3: Total | L3: Male | M3: Female | N3: Total | O3: Male | P3: Female | Q3: Total | R3: Male | S3: Female | T3: Total | U3: Male | V3: Female | W3: Total | X3: Male | Y3: Female | Z3: Total | AA3: Male | AB3: Female | AC3: Total
A4: 1 | B4: 2 | C4: 3 | D4: 4 | E4: 5 | F4: 6 | G4: 7 | H4: 8 | I4: 9 | J4: 10 | K4: 11 | L4: 12 | M4: 13 | N4: 14 | O4: 15 | P4: 16 | Q4: 17 | R4: 18 | S4: 19 | T4: 20 | U4: 21 | V4: 22 | W4: 23 | X4: 24 | Y4: 25 | Z4: 26 | AA4: 27 | AB4: 28 | AC4: 29
A5: 1 | B5: Andaman and Nicobar Islands | C5: 0 | D5: 0 | E5: 0 | F5: 0 | G5: 0 | H5: 0 | I5: 502 | J5: 686 | K5: 1188 | L5: 1464 | M5: 1302 | N5: 2766 | O5: 58 | P5: 40 | Q5: 98 | R5: 17 | S5: 31 | T5: 48 | U5: 0 | V5: 0 | W5: 0 | X5: 0 | Y5: 0 | Z5: 0 | AA5: 2041 | AB5: 2059 | AC5: 4100
A6: 2 | B6: Andhra Pradesh | C6: 0 | D6: 0 | E6: 0 | F6: 0 | G6: 0 | H6: 0 | I6: 23101 | J6: 20640 | K6: 43741 | L6: 126798 | M6: 92335 | N6: 219133 | O6: 610 | P6: 411 | Q6: 1021 | R6: 329 | S6: 402 | T6: 731 | U6: 0 | V6: 14 | W6: 14 | X6: 0 | Y6: 0 | Z6: 0 | AA6: 150838 | AB6: 113802 | AC6: 264640
A7: 3 | B7: Arunachal Pradesh | C7: 32 | D7: 48 | E7: 80 | F7: 20 | G7: 25 | H7: 45 | I7: 2086 | J7: 3584 | K7: 5670 | L7: 4360 | M7: 5644 | N7: 10004 | O7: 68 | P7: 85 | Q7: 153 | R7: 45 | S7: 62 | T7: 107 | U7: 0 | V7: 0 | W7: 0 | X7: 0 | Y7: 0 | Z7: 0 | AA7: 6611 | AB7: 9448 | AC7: 16059
A8: 4 | B8: Assam | C8: 0 | D8: 0 | E8: 0 | F8: 0 | G8: 0 | H8: 0 | I8: 14807 | J8: 21805 | K8: 36612 | L8: 28394 | M8: 18435 | N8: 46829 | O8: 1210 | P8: 954 | Q8: 2164 | R8: 484 | S8: 704 | T8: 1188 | U8: 4 | V8: 11 | W8: 15 | X8: 0 | Y8: 0 | Z8: 0 | AA8: 44899 | AB8: 41909 | AC8: 86808
A9: 5 | B9: Bihar | C9: 0 | D9: 0 | E9: 0 | F9: 0 | G9: 0 | H9: 0 | I9: 23918 | J9: 23768 | K9: 47686 | L9: 54544 | M9: 30035 | N9: 84579 | O9: 1026 | P9: 400 | Q9: 1426 | R9: 557 | S9: 630 | T9: 1187 | U9: 5 | V9: 2 | W9: 7 | X9: 0 | Y9: 0 | Z9: 0 | AA9: 80050 | AB9: 54835 | AC9: 134885
A10: 6 | B10: Chandigarh | C10: 0 | D10: 0 | E10: 0 | F10: 0 | G10: 0 | H10: 0 | I10: 4078 | J10: 5482 | K10: 9560 | L10: 12481 | M10: 5693 | N10: 18174 | O10: 801 | P10: 678 | Q10: 1479 | R10: 293 | S10: 721 | T10: 1014 | U10: 10 | V10: 22 | W10: 32 | X10: 0 | Y10: 0 | Z10: 0 | AA10: 17663 | AB10: 12596 | AC10: 30259
A11: 7 | B11: Chhattisgarh | C11: 0 | D11: 0 | E11: 0 | F11: 0 | G11: 0 | H11: 0 | I11: 7097 | J11: 5921 | K11: 13018 | L11: 13901 | M11: 8442 | N11: 22343 | O11: 9314 | P11: 9297 | Q11: 18611 | R11: 16164 | S11: 12224 | T11: 28388 | U11: 0 | V11: 0 | W11: 0 | X11: 0 | Y11: 0 | Z11: 0 | AA11: 46476 | AB11: 35884 | AC11: 82360
A12: 8 | B12: Dadra and Nagar Haveli | C12: 0 | D12: 0 | E12: 0 | F12: 0 | G12: 0 | H12: 0 | I12: 0 | J12: 0 | K12: 0 | L12: 0 | M12: 0 | N12: 0 | O12: 0 | P12: 0 | Q12: 0 | R12: 0 | S12: 0 | T12: 0 | U12: 0 | V12: 0 | W12: 0 | X12: 0 | Y12: 0 | Z12: 0 | AA12: 0 | AB12: 0 | AC12: 0
A13: 9 | B13: Daman and Diu | C13: 0 | D13: 0 | E13: 0 | F13: 0 | G13: 0 | H13: 0 | I13: 0 | J13: 0 | K13: 0 | L13: 0 | M13: 0 | N13: 0 | O13: 0 | P13: 0 | Q13: 0 | R13: 0 | S13: 0 | T13: 0 | U13: 0 | V13: 0 | W13: 0 | X13: 0 | Y13: 0 | Z13: 0 | AA13: 0 | AB13: 0 | AC13: 0
A14: 10 | B14: Delhi | C14: 0 | D14: 0 | E14: 0 | F14: 0 | G14: 0 | H14: 0 | I14: 47099 | J14: 79637 | K14: 126736 | L14: 304606 | M14: 240686 | N14: 545292 | O14: 3362 | P14: 2543 | Q14: 5905 | R14: 1111 | S14: 2090 | T14: 3201 | U14: 127 | V14: 57 | W14: 184 | X14: 0 | Y14: 0 | Z14: 0 | AA14: 356305 | AB14: 325013 | AC14: 681318
A15: 11 | B15: Goa | C15: 0 | D15: 0 | E15: 0 | F15: 0 | G15: 0 | H15: 0 | I15: 735 | J15: 1044 | K15: 1779 | L15: 1902 | M15: 1028 | N15: 2930 | O15: 66 | P15: 55 | Q15: 121 | R15: 27 | S15: 58 | T15: 85 | U15: 0 | V15: 0 | W15: 0 | X15: 0 | Y15: 0 | Z15: 0 | AA15: 2730 | AB15: 2185 | AC15: 4915
A16: 12 | B16: Gujarat | C16: 0 | D16: 0 | E16: 0 | F16: 0 | G16: 0 | H16: 0 | I16: 4904 | J16: 6241 | K16: 11145 | L16: 28324 | M16: 16967 | N16: 45291 | O16: 725 | P16: 447 | Q16: 1172 | R16: 206 | S16: 715 | T16: 921 | U16: 1821 | V16: 2761 | W16: 4582 | X16: 0 | Y16: 0 | Z16: 0 | AA16: 35980 | AB16: 27131 | AC16: 63111
... A41: 37 | B41: West Bengal | C41: 0 | D41: 0 | E41: 0 | F41: 0 | G41: 0 | H41: 0 | I41: 19142 | J41: 42112 | K41: 61254 | L41: 72565 | M41: 49131 | N41: 121696 | O41: 693 | P41: 621 | Q41: 1314 | R41: 580 | S41: 764 | T41: 1344 | U41: 1276 | V41: 472 | W41: 1748 | X41: 0 | Y41: 0 | Z41: 0 | AA41: 94256 | AB41: 93100 | AC41: 187356
A42: All India | C42: =SUM(C5:C41) -> 44 | D42: =SUM(D5:D41) -> 57 | E42: =SUM(E5:E41) -> 101 | F42: =SUM(F5:F41) -> 33 | G42: =SUM(G5:G41) -> 36 | H42: =SUM(H5:H41) -> 69 | I42: =SUM(I5:I41) -> 504711 | J42: =SUM(J5:J41) -> 616735 | ... AC42: =SUM(AC5:AC41) -> 4286922

Sheet 7UnivActwithConsUnit
B1: Table 7. | C1: Enrolment in Universities Teaching Departments and its Constituent Units/Off-campus Centres (Based on actual Response) | N1: =C1 -> Enrolment in Universities Teaching Departments and its Constituent Units/Off-campus Centres (Based on actual Response) | W1: =C1 -> Enrolment in Universities Teaching Departments and its Constituent Units/Off-campus Centres (Based on actual Response)
A2: Sl. No. | B2: State/UTs | C2: Number of Universities | E2: Ph.D. | H2: M.Phil. | K2: Post Graduate | N2: Under Graduate | Q2: PG Diploma | T2: Diploma | W2: Certificate | Z2: Integrated | AC2: Grand Total
C3: Total | D3: Responding | E3: Male | F3: Female | G3: Total | H3: Male | I3: Female | J3: Total | K3: Male | L3: Female | M3: Total | N3: Male | O3: Female | P3: Total | Q3: Male | R3: Female | S3: Total | T3: Male | U3: Female | V3: Total | W3: Male | X3: Female | Y3: Total | Z3: Male | AA3: Female | AB3: Total | AC3: Male | AD3: Female | AE3: Total
A4: 1 | B4: 2 | C4: 3 | D4: 4 | E4: 5 | F4: 6 | G4: 7 | H4: 8 | I4: 9 | J4: 10 | K4: 11 | L4: 12 | M4: 13 | N4: 14 | O4: 15 | P4: 16 | Q4: 17 | R4: 18 | S4: 19 | T4: 20 | U4: 21 | V4: 22 | W4: 23 | X4: 24 | Y4: 25 | Z4: 26 | AA4: 27 | AB4: 28 | AC4: 29 | AD4: 30 | AE4: 31
A5: 1 | B5: Andaman and Nicobar Islands | C5: 0 | D5: 0 | E5: 0 | F5: 0 | G5: 0 | H5: 0 | I5: 0 | J5: 0 | K5: 502 | L5: 686 | M5: 1188 | N5: 1464 | O5: 1302 | P5: 2766 | Q5: 58 | R5: 40 | S5: 98 | T5: 17 | U5: 31 | V5: 48 | W5: 0 | X5: 0 | Y5: 0 | Z5: 0 | AA5: 0 | AB5: 0 | AC5: 2041 | AD5: 2059 | AE5: =AC5+AD5 -> 4100
A6: 2 | B6: Andhra Pradesh | C6: 41 | D6: 39 | E6: 2875 | F6: 2265 | G6: 5140 | H6: 73 | I6: 68 | J6: 141 | K6: 38271 | L6: 37614 | M6: 75885 | N6: 179720 | O6: 132311 | P6: 312031 | Q6: 688 | R6: 476 | S6: 1164 | T6: 591 | U6: 718 | V6: 1309 | W6: 2943 | X6: 4981 | Y6: 7924 | Z6: 2922 | AA6: 2038 | AB6: 4960 | AC6: 228083 | AD6: 180471 | AE6: =AC6+AD6 -> 408554
A7: 3 | B7: Arunachal Pradesh | C7: 10 | D7: 10 | E7: 593 | F7: 459 | G7: 1052 | H7: 77 | I7: 113 | J7: 190 | K7: 4898 | L7: 5740 | M7: 10638 | N7: 10261 | O7: 8582 | P7: 18843 | Q7: 127 | R7: 144 | S7: 271 | T7: 739 | U7: 505 | V7: 1244 | W7: 299 | X7: 119 | Y7: 418 | Z7: 899 | AA7: 539 | AB7: 1438 | AC7: 17893 | AD7: 16201 | AE7: =AC7+AD7 -> 34094
A8: 4 | B8: Assam | C8: 26 | D8: 26 | E8: 2935 | F8: 2146 | G8: 5081 | H8: 243 | I8: 345 | J8: 588 | K8: 23406 | L8: 33948 | M8: 57354 | N8: 44712 | O8: 28131 | P8: 72843 | Q8: 1279 | R8: 1064 | S8: 2343 | T8: 586 | U8: 826 | V8: 1412 | W8: 27 | X8: 29 | Y8: 56 | Z8: 1220 | AA8: 1032 | AB8: 2252 | AC8: 74408 | AD8: 67521 | AE8: =AC8+AD8 -> 141929
A9: 5 | B9: Bihar | C9: 35 | D9: 35 | E9: 1635 | F9: 997 | G9: 2632 | H9: 55 | I9: 15 | J9: 70 | K9: 39522 | L9: 38672 | M9: 78194 | N9: 81226 | O9: 47700 | P9: 128926 | Q9: 1171 | R9: 496 | S9: 1667 | T9: 1548 | U9: 863 | V9: 2411 | W9: 470 | X9: 131 | Y9: 601 | Z9: 1212 | AA9: 657 | AB9: 1869 | AC9: 126839 | AD9: 89531 | AE9: =AC9+AD9 -> 216370
A10: 6 | B10: Chandigarh | C10: 3 | D10: 3 | E10: 404 | F10: 491 | G10: 895 | H10: 140 | I10: 48 | J10: 188 | K10: 7131 | L10: 9284 | M10: 16415 | N10: 19364 | O10: 9704 | P10: 29068 | Q10: 838 | R10: 708 | S10: 1546 | T10: 370 | U10: 807 | V10: 1177 | W10: 419 | X10: 281 | Y10: 700 | Z10: 1081 | AA10: 1164 | AB10: 2245 | AC10: 29747 | AD10: 22487 | AE10: =AC10+AD10 -> 52234
A11: 7 | B11: Chhattisgarh | C11: 28 | D11: 28 | E11: 651 | F11: 516 | G11: 1167 | H11: 109 | I11: 89 | J11: 198 | K11: 12638 | L11: 10869 | M11: 23507 | N11: 32223 | O11: 18333 | P11: 50556 | Q11: 9979 | R11: 9741 | S11: 19720 | T11: 18948 | U11: 13141 | V11: 32089 | W11: 47 | X11: 47 | Y11: 94 | Z11: 1485 | AA11: 1246 | AB11: 2731 | AC11: 76080 | AD11: 53982 | AE11: =AC11+AD11 -> 130062
A12: 8 | B12: Dadra and Nagar Haveli | C12: 0 | D12: 0 | E12: 0 | F12: 0 | G12: 0 | H12: 0 | I12: 0 | J12: 0 | K12: 56 | L12: 62 | M12: 118 | N12: 0 | O12: 0 | P12: 0 | Q12: 0 | R12: 0 | S12: 0 | T12: 0 | U12: 0 | V12: 0 | W12: 0 | X12: 0 | Y12: 0 | Z12: 0 | AA12: 0 | AB12: 0 | AC12: 56 | AD12: 62 | AE12: =AC12+AD12 -> 118
A13: 9 | B13: Daman and Diu | C13: 0 | D13: 0 | E13: 0 | F13: 0 | G13: 0 | H13: 0 | I13: 0 | J13: 0 | K13: 0 | L13: 0 | M13: 0 | N13: 0 | O13: 0 | P13: 0 | Q13: 0 | R13: 0 | S13: 0 | T13: 0 | U13: 0 | V13: 0 | W13: 0 | X13: 0 | Y13: 0 | Z13: 0 | AA13: 0 | AB13: 0 | AC13: 0 | AD13: 0 | AE13: =AC13+AD13 -> 0
A14: 10 | B14: Delhi | C14: 28 | D14: 27 | E14: 8749 | F14: 7384 | G14: 16133 | H14: 650 | I14: 672 | J14: 1322 | K14: 60600 | L14: 91738 | M14: 152338 | N14: 338247 | O14: 287634 | P14: 625881 | Q14: 3908 | R14: 2868 | S14: 6776 | T14: 4441 | U14: 3074 | V14: 7515 | W14: 1694 | X14: 755 | Y14: 2449 | Z14: 2560 | AA14: 1136 | AB14: 3696 | AC14: 420849 | AD14: 395261 | AE14: =AC14+AD14 -> 816110
A15: 11 | B15: Goa | C15: 3 | D15: 3 | E15: 150 | F15: 129 | G15: 279 | H15: 0 | I15: 2 | J15: 2 | K15: 1379 | L15: 2229 | M15: 3608 | N15: 2626 | O15: 1184 | P15: 3810 | Q15: 67 | R15: 68 | S15: 135 | T15: 27 | U15: 58 | V15: 85 | W15: 5 | X15: 4 | Y15: 9 | Z15: 82 | AA15: 50 | AB15: 132 | AC15: 4336 | AD15: 3724 | AE15: =AC15+AD15 -> 8060
A16: 12 | B16: Gujarat | C16: 76 | D16: 76 | E16: 3981 | F16: 2825 | G16: 6806 | H16: 305 | I16: 377 | J16: 682 | K16: 30934 | L16: 35180 | M16: 66114 | N16: 131699 | O16: 81926 | P16: 213625 | Q16: 2054 | R16: 1826 | S16: 3880 | T16: 10208 | U16: 4722 | V16: 14930 | W16: 2192 | X16: 3099 | Y16: 5291 | Z16: 5757 | AA16: 5383 | AB16: 11140 | AC16: 187130 | AD16: 135338 | AE16: =AC16+AD16 -> 322468
... A41: 37 | B41: West Bengal | C41: 47 | D41: 47 | E41: 7919 | F41: 4741 | G41: 12660 | H41: 1062 | I41: 929 | J41: 1991 | K41: 47888 | L41: 71996 | M41: 119884 | N41: 116827 | O41: 73752 | P41: 190579 | Q41: 1210 | R41: 891 | S41: 2101 | T41: 2341 | U41: 1376 | V41: 3717 | W41: 2944 | X41: 1500 | Y41: 4444 | Z41: 5807 | AA41: 1951 | AB41: 7758 | AC41: 185998 | AD41: 157136 | AE41: =AC41+AD41 -> 343134
A42: All India | C42: =SUM(C5:C41) -> 1043 | D42: =SUM(D5:D41) -> 1019 | E42: =SUM(E5:E41) -> 99659 | F42: =SUM(F5:F41) -> 78217 | G42: =SUM(G5:G41) -> 177876 | H42: =SUM(H5:H41) -> 6461 | I42: =SUM(I5:I41) -> 9413 | J42: =SUM(J5:J41) -> 15874 | ... AD42: =SUM(AD5:AD41) -> 3521098 | AE42: =AC42+AD42 -> 8138368
C43: Note - Constituent Colleges of State/Central University not included. | N43: =C43 -> Note - Constituent Colleges of State/Central University not included. | W43: =C43 -> Note - Constituent Colleges of State/Central University not included.

Sheet 8CollegeAct
B1: Table 8. | C1: Number of Colleges and Enrolment in responding Colleges at various levels (Based on actual Response) | N1: =C1 -> Number of Colleges and Enrolment in responding Colleges at various levels (Based on actual Response) | W1: =N1 -> Number of Colleges and Enrolment in responding Colleges at various levels (Based on actual Response)
A2: Sl. No. | B2: State/UTs | C2: Number of Colleges | E2: Ph.D. | H2: M.Phil. | K2: Post Graduate | N2: Under Graduate | Q2: PG Diploma | T2: Diploma | W2: Certificate | Z2: Integrated | AC2: Grand Total
C3: Total | D3: Responding | E3: Male | F3: Female | G3: Total | H3: Male | I3: Female | J3: Total | K3: Male | L3: Female | M3: Total | N3: Male | O3: Female | P3: Total | Q3: Male | R3: Female | S3: Total | T3: Male | U3: Female | V3: Total | W3: Male | X3: Female | Y3: Total | Z3: Male | AA3: Female | AB3: Total | AC3: Male | AD3: Female | AE3: Total
A4: 1 | B4: 2 | C4: 3 | D4: 4 | E4: 5 | F4: 6 | G4: 7 | H4: 8 | I4: 9 | J4: 10 | K4: 11 | L4: 12 | M4: 13 | N4: 14 | O4: 15 | P4: 16 | Q4: 17 | R4: 18 | S4: 19 | T4: 20 | U4: 21 | V4: 22 | W4: 23 | X4: 24 | Y4: 25 | Z4: 26 | AA4: 27 | AB4: 28 | AC4: 29 | AD4: 30 | AE4: 31
A5: 1 | B5: Andaman and Nicobar Islands | C5: 8 | D5: 8 | E5: 5 | F5: 9 | G5: 14 | H5: 0 | I5: 0 | J5: 0 | K5: 69 | L5: 283 | M5: 352 | N5: 1933 | O5: 2757 | P5: 4690 | Q5: 0 | R5: 0 | S5: 0 | T5: 273 | U5: 128 | V5: 401 | W5: 46 | X5: 36 | Y5: 82 | Z5: 145 | AA5: 224 | AB5: 369 | AC5: 2471 | AD5: 3437 | AE5: =AC5+AD5 -> 5908 | AF5: ='10CollegeEst'!E5+'10CollegeEst'!H5 -> 5042 | AG5: =M5+P5 -> 5042 | AH5: =AE5+AF5-AG5 -> 5908
A6: 2 | B6: Andhra Pradesh | C6: 2750 | D6: 2501 | E6: 962 | F6: 614 | G6: 1576 | H6: 102 | I6: 34 | J6: 136 | K6: 73624 | L6: 68039 | M6: 141663 | N6: 617882 | O6: 561805 | P6: 1179687 | Q6: 266 | R6: 211 | S6: 477 | T6: 25687 | U6: 6912 | V6: 32599 | W6: 978 | X6: 1697 | Y6: 2675 | Z6: 5728 | AA6: 2324 | AB6: 8052 | AC6: 725229 | AD6: 641636 | AE6: =AC6+AD6 -> 1366865 | AF6: ='10CollegeEst'!E6+'10CollegeEst'!H6 -> 1321350 | AG6: =M6+P6 -> 1321350 | AH6: =AE6+AF6-AG6 -> 1366865
A7: 3 | B7: Arunachal Pradesh | C7: 39 | D7: 38 | E7: 4 | F7: 10 | G7: 14 | H7: 0 | I7: 0 | J7: 0 | K7: 62 | L7: 140 | M7: 202 | N7: 10157 | O7: 10435 | P7: 20592 | Q7: 0 | R7: 0 | S7: 0 | T7: 0 | U7: 0 | V7: 0 | W7: 0 | X7: 0 | Y7: 0 | Z7: 116 | AA7: 89 | AB7: 205 | AC7: 10339 | AD7: 10674 | AE7: =AC7+AD7 -> 21013 | AF7: ='10CollegeEst'!E7+'10CollegeEst'!H7 -> 20794 | AG7: =M7+P7 -> 20794 | AH7: =AE7+AF7-AG7 -> 21013
A8: 4 | B8: Assam | C8: 558 | D8: 533 | E8: 129 | F8: 87 | G8: 216 | H8: 2 | I8: 26 | J8: 28 | K8: 3286 | L8: 5224 | M8: 8510 | N8: 212550 | O8: 235704 | P8: 448254 | Q8: 254 | R8: 352 | S8: 606 | T8: 996 | U8: 922 | V8: 1918 | W8: 708 | X8: 1038 | Y8: 1746 | Z8: 1226 | AA8: 1215 | AB8: 2441 | AC8: 219151 | AD8: 244568 | AE8: =AC8+AD8 -> 463719 | AF8: ='10CollegeEst'!E8+'10CollegeEst'!H8 -> 483407 | AG8: =M8+P8 -> 456764 | AH8: =AE8+AF8-AG8 -> 490362
A9: 5 | B9: Bihar | C9: 874 | D9: 863 | E9: 29 | F9: 37 | G9: 66 | H9: 0 | I9: 0 | J9: 0 | K9: 21709 | L9: 20838 | M9: 42547 | N9: 773344 | O9: 628761 | P9: 1402105 | Q9: 201 | R9: 110 | S9: 311 | T9: 8717 | U9: 8960 | V9: 17677 | W9: 3392 | X9: 2220 | Y9: 5612 | Z9: 1046 | AA9: 369 | AB9: 1415 | AC9: 808438 | AD9: 661295 | AE9: =AC9+AD9 -> 1469733 | AF9: ='10CollegeEst'!E9+'10CollegeEst'!H9 -> 1444652 | AG9: =M9+P9 -> 1444652 | AH9: =AE9+AF9-AG9 -> 1469733
A10: 6 | B10: Chandigarh | C10: 25 | D10: 25 | E10: 5 | F10: 59 | G10: 64 | H10: 0 | I10: 0 | J10: 0 | K10: 1429 | L10: 4570 | M10: 5999 | N10: 18984 | O10: 24512 | P10: 43496 | Q10: 227 | R10: 407 | S10: 634 | T10: 85 | U10: 94 | V10: 179 | W10: 0 | X10: 0 | Y10: 0 | Z10: 58 | AA10: 126 | AB10: 184 | AC10: 20788 | AD10: 29768 | AE10: =AC10+AD10 -> 50556 | AF10: ='10CollegeEst'!E10+'10CollegeEst'!H10 -> 49495 | AG10: =M10+P10 -> 49495 | AH10: =AE10+AF10-AG10 -> 50556
A11: 7 | B11: Chhattisgarh | C11: 810 | D11: 807 | E11: 173 | F11: 175 | G11: 348 | H11: 0 | I11: 0 | J11: 0 | K11: 17475 | L11: 29527 | M11: 47002 | N11: 155048 | O11: 209518 | P11: 364566 | Q11: 3844 | R11: 4548 | S11: 8392 | T11: 17200 | U11: 10611 | V11: 27811 | W11: 158 | X11: 240 | Y11: 398 | Z11: 397 | AA11: 602 | AB11: 999 | AC11: 194295 | AD11: 255221 | AE11: =AC11+AD11 -> 449516 | AF11: ='10CollegeEst'!E11+'10CollegeEst'!H11 -> 411568 | AG11: =M11+P11 -> 411568 | AH11: =AE11+AF11-AG11 -> 449516
A12: 8 | B12: Dadra and Nagar Haveli | C12: 8 | D12: 8 | E12: 0 | F12: 0 | G12: 0 | H12: 0 | I12: 0 | J12: 0 | K12: 66 | L12: 185 | M12: 251 | N12: 2247 | O12: 2822 | P12: 5069 | Q12: 0 | R12: 0 | S12: 0 | T12: 596 | U12: 135 | V12: 731 | W12: 0 | X12: 0 | Y12: 0 | Z12: 11 | AA12: 26 | AB12: 37 | AC12: 2920 | AD12: 3168 | AE12: =AC12+AD12 -> 6088 | AF12: ='10CollegeEst'!E12+'10CollegeEst'!H12 -> 5320 | AG12: =M12+P12 -> 5320 | AH12: =AE12+AF12-AG12 -> 6088
A13: 9 | B13: Daman and Diu | C13: 10 | D13: 10 | E13: 0 | F13: 0 | G13: 0 | H13: 0 | I13: 0 | J13: 0 | K13: 66 | L13: 186 | M13: 252 | N13: 1035 | O13: 1310 | P13: 2345 | Q13: 0 | R13: 0 | S13: 0 | T13: 1089 | U13: 246 | V13: 1335 | W13: 0 | X13: 0 | Y13: 0 | Z13: 0 | AA13: 0 | AB13: 0 | AC13: 2190 | AD13: 1742 | AE13: =AC13+AD13 -> 3932 | AF13: ='10CollegeEst'!E13+'10CollegeEst'!H13 -> 2597 | AG13: =M13+P13 -> 2597 | AH13: =AE13+AF13-AG13 -> 3932
A14: 10 | B14: Delhi | C14: 179 | D14: 174 | E14: 60 | F14: 73 | G14: 133 | H14: 0 | I14: 0 | J14: 0 | K14: 5865 | L14: 8161 | M14: 14026 | N14: 128305 | O14: 131231 | P14: 259536 | Q14: 777 | R14: 807 | S14: 1584 | T14: 1477 | U14: 3276 | V14: 4753 | W14: 405 | X14: 660 | Y14: 1065 | Z14: 439 | AA14: 361 | AB14: 800 | AC14: 137328 | AD14: 144569 | AE14: =AC14+AD14 -> 281897 | AF14: ='10CollegeEst'!E14+'10CollegeEst'!H14 -> 273562 | AG14: =M14+P14 -> 273562 | AH14: =AE14+AF14-AG14 -> 281897
A15: 11 | B15: Goa | C15: 58 | D15: 58 | E15: 67 | F15: 87 | G15: 154 | H15: 1 | I15: 2 | J15: 3 | K15: 639 | L15: 1601 | M15: 2240 | N15: 14917 | O15: 20571 | P15: 35488 | Q15: 38 | R15: 39 | S15: 77 | T15: 93 | U15: 217 | V15: 310 | W15: 15 | X15: 0 | Y15: 15 | Z15: 114 | AA15: 478 | AB15: 592 | AC15: 15884 | AD15: 22995 | AE15: =AC15+AD15 -> 38879 | AF15: ='10CollegeEst'!E15+'10CollegeEst'!H15 -> 37728 | AG15: =M15+P15 -> 37728 | AH15: =AE15+AF15-AG15 -> 38879
A16: 12 | B16: Gujarat | C16: 2275 | D16: 2258 | E16: 365 | F16: 191 | G16: 556 | H16: 163 | I16: 92 | J16: 255 | K16: 36247 | L16: 51915 | M16: 88162 | N16: 548523 | O16: 443575 | P16: 992098 | Q16: 771 | R16: 1028 | S16: 1799 | T16: 77058 | U16: 23804 | V16: 100862 | W16: 2405 | X16: 2007 | Y16: 4412 | Z16: 1878 | AA16: 1497 | AB16: 3375 | AC16: 667410 | AD16: 524109 | AE16: =AC16+AD16 -> 1191519 | AF16: ='10CollegeEst'!E16+'10CollegeEst'!H16 -> 1080260 | AG16: =M16+P16 -> 1080260 | AH16: =AE16+AF16-AG16 -> 1191519
... A41: 37 | B41: West Bengal | C41: 1411 | D41: 1409 | E41: 141 | F41: 30 | G41: 171 | H41: 121 | I41: 40 | J41: 161 | K41: 13971 | L41: 17747 | M41: 31718 | N41: 735726 | O41: 841367 | P41: 1577093 | Q41: 1091 | R41: 745 | S41: 1836 | T41: 20903 | U41: 19553 | V41: 40456 | W41: 1360 | X41: 1760 | Y41: 3120 | Z41: 3529 | AA41: 3644 | AB41: 7173 | AC41: 776842 | AD41: 884886 | AE41: =AC41+AD41 -> 1661728 | AF41: ='10CollegeEst'!E41+'10CollegeEst'!H41 -> 1608811 | AG41: =M41+P41 -> 1608811 | AH41: =AE41+AF41-AG41 -> 1661728
A42: All India | C42: =SUM(C5:C41) -> 42343 | D42: =SUM(D5:D41) -> 39955 | E42: =SUM(E5:E41) -> 11546 | F42: =SUM(F5:F41) -> 12639 | G42: =SUM(G5:G41) -> 24185 | H42: =SUM(H5:H41) -> 2568 | I42: =SUM(I5:I41) -> 5460 | J42: =SUM(J5:J41) -> 8028 | ... AH42: =SUM(AH5:AH41) -> 28324151

Sheet 9AllSAAct
B1: Table 9. | C1: Number and Enrolment in different types of Stand Alone Institutions (Based on actual Response) | O1: =C1 -> Number and Enrolment in different types of Stand Alone Institutions (Based on actual Response) | AA1: =O1 -> Number and Enrolment in different types of Stand Alone Institutions (Based on actual Response) | AM1: =AA1 -> Number and Enrolment in different types of Stand Alone Institutions (Based on actual Response)
A2: Sl No | B2: State/UTs | C2: Polytechnics | I2: PGDM | O2: Nursing | U2: Teacher Training | AA2: Institute under Ministries | AG2: Paramedical | AM2: Hotel Management and Catering | AS2: All Stand Alone Institutions
C3: Number of Institutions | E3: Enrolment | H3: Per Institution Enrolment | I3: Number of Institutions | K3: Enrolment | N3: Per Institution Enrolment | O3: Number of Institutions | Q3: Enrolment | T3: Per Institution Enrolment | U3: Number of Institutions | W3: Enrolment | Z3: Per Institution Enrolment | AA3: Number of Institutions | AC3: Enrolment | AF3: Per Institution Enrolment | AG3: Number of Institutions | AI3: Enrolment | AL3: Per Institution Enrolment | AM3: Number of Institutions | AO3: Enrolment | AR3: Per Institution Enrolment | AS3: Number of Institutions | AU3: Enrolment | AX3: Per Institution Enrolment
C4: Total | D4: Responding | E4: Male | F4: Female | G4: Total | I4: Total | J4: Responding | K4: Male | L4: Female | M4: Total | O4: Total | P4: Responding | Q4: Male | R4: Female | S4: Total | U4: Total | V4: Responding | W4: Male | X4: Female | Y4: Total | AA4: Total | AB4: Responding | AC4: Male | AD4: Female | AE4: Total | AG4: Total | AH4: Responding | AI4: Male | AJ4: Female | AK4: Total | AM4: Total | AN4: Responding | AO4: Male | AP4: Female | AQ4: Total | AS4: Total | AT4: Responding | AU4: Male | AV4: Female | AW4: Total
A5: 1 | B5: 2 | C5: 3 | D5: 4 | E5: 5 | F5: 6 | G5: 7 | H5: 8 | I5: 9 | J5: 10 | K5: 11 | L5: 12 | M5: 13 | N5: 14 | O5: 15 | P5: 16 | Q5: 17 | R5: 18 | S5: 19 | T5: 20 | U5: 21 | V5: 22 | W5: 23 | X5: 24 | Y5: 25 | Z5: 26 | AA5: 27 | AB5: 28 | AC5: 29 | AD5: 30 | AE5: 31 | AF5: 32 | AG5: 27 | AH5: 28 | AI5: 29 | AJ5: 30 | AK5: 31 | AL5: 32 | AM5: 27 | AN5: 28 | AO5: 29 | AP5: 30 | AQ5: 31 | AR5: 32 | AS5: 33 | AT5: 34 | AU5: 35 | AV5: 36 | AW5: 37 | AX5: 38
A6: 1 | B6: Andaman and Nicobar Islands | C6: 0 | D6: 0 | E6: 0 | F6: 0 | G6: 0 | I6: 0 | J6: 0 | K6: 0 | L6: 0 | M6: 0 | O6: 0 | P6: 0 | Q6: 0 | R6: 0 | S6: 0 | U6: 1 | V6: 1 | W6: 20 | X6: 103 | Y6: 123 | Z6: 123 | AA6: 0 | AB6: 0 | AC6: 0 | AD6: 0 | AE6: 0 | AG6: 0 | AH6: 0 | AI6: 0 | AJ6: 0 | AK6: 0 | AM6: 0 | AN6: 0 | AO6: 0 | AP6: 0 | AQ6: 0 | AS6: =C6+I6+O6+U6+AA6+AG6+AM6 -> 1 | AT6: =D6+J6+P6+V6+AB6+AH6+AN6 -> 1 | AU6: =E6+K6+Q6+W6+AC6+AI6+AO6 -> 20 | AV6: =F6+L6+R6+X6+AD6+AJ6+AP6 -> 103 | AW6: =G6+M6+S6+Y6+AE6+AK6+AQ6 -> 123 | AX6: =AW6/AT6 -> 123
A7: 2 | B7: Andhra Pradesh | C7: 162 | D7: 143 | E7: 57326 | F7: 17530 | G7: 74856 | H7: 523.46853 | I7: 8 | J7: 5 | K7: 497 | L7: 240 | M7: 737 | N7: 147.4 | O7: 258 | P7: 219 | Q7: 1330 | R7: 21254 | S7: 22584 | T7: 103.12329 | U7: 413 | V7: 278 | W7: 8544 | X7: 14877 | Y7: 23421 | Z7: 84.248201 | AA7: 2 | AB7: 1 | AC7: 117 | AD7: 15 | AE7: 132 | AF7: 132 | AG7: 0 | AH7: 0 | AI7: 0 | AJ7: 0 | AK7: 0 | AM7: 0 | AN7: 0 | AO7: 0 | AP7: 0 | AQ7: 0 | AS7: =C7+I7+O7+U7+AA7+AG7+AM7 -> 843 | AT7: =D7+J7+P7+V7+AB7+AH7+AN7 -> 646 | AU7: =E7+K7+Q7+W7+AC7+AI7+AO7 -> 67814 | AV7: =F7+L7+R7+X7+AD7+AJ7+AP7 -> 53916 | AW7: =G7+M7+S7+Y7+AE7+AK7+AQ7 -> 121730 | AX7: =AW7/AT7 -> 188.43653
A8: 3 | B8: Arunachal Pradesh | C8: 7 | D8: 6 | E8: 569 | F8: 140 | G8: 709 | H8: 118.16667 | I8: 0 | J8: 0 | K8: 0 | L8: 0 | M8: 0 | O8: 0 | P8: 0 | Q8: 0 | R8: 0 | S8: 0 | U8: 6 | V8: 0 | W8: 0 | X8: 0 | Y8: 0 | AA8: 0 | AB8: 0 | AC8: 0 | AD8: 0 | AE8: 0 | AG8: 0 | AH8: 0 | AI8: 0 | AJ8: 0 | AK8: 0 | AM8: 0 | AN8: 0 | AO8: 0 | AP8: 0 | AQ8: 0 | AS8: =C8+I8+O8+U8+AA8+AG8+AM8 -> 13 | AT8: =D8+J8+P8+V8+AB8+AH8+AN8 -> 6 | AU8: =E8+K8+Q8+W8+AC8+AI8+AO8 -> 569 | AV8: =F8+L8+R8+X8+AD8+AJ8+AP8 -> 140 | AW8: =G8+M8+S8+Y8+AE8+AK8+AQ8 -> 709 | AX8: =AW8/AT8 -> 118.16667
A9: 4 | B9: Assam | C9: 24 | D9: 23 | E9: 7840 | F9: 1928 | G9: 9768 | H9: 424.69565 | I9: 1 | J9: 1 | K9: 76 | L9: 64 | M9: 140 | N9: 140 | O9: 29 | P9: 14 | Q9: 43 | R9: 1641 | S9: 1684 | T9: 120.28571 | U9: 35 | V9: 35 | W9: 2334 | X9: 3589 | Y9: 5923 | Z9: 169.22857 | AA9: 1 | AB9: 1 | AC9: 535 | AD9: 260 | AE9: 795 | AF9: 795 | AG9: 1 | AH9: 0 | AI9: 0 | AJ9: 0 | AK9: 0 | AM9: 1 | AN9: 0 | AO9: 0 | AP9: 0 | AQ9: 0 | AS9: =C9+I9+O9+U9+AA9+AG9+AM9 -> 92 | AT9: =D9+J9+P9+V9+AB9+AH9+AN9 -> 74 | AU9: =E9+K9+Q9+W9+AC9+AI9+AO9 -> 10828 | AV9: =F9+L9+R9+X9+AD9+AJ9+AP9 -> 7482 | AW9: =G9+M9+S9+Y9+AE9+AK9+AQ9 -> 18310 | AX9: =AW9/AT9 -> 247.43243
A10: 5 | B10: Bihar | C10: 61 | D10: 61 | E10: 28142 | F10: 5085 | G10: 33227 | H10: 544.70492 | I10: 4 | J10: 4 | K10: 340 | L10: 189 | M10: 529 | N10: 132.25 | O10: 64 | P10: 58 | Q10: 1023 | R10: 6942 | S10: 7965 | T10: 137.32759 | U10: 34 | V10: 32 | W10: 4186 | X10: 5341 | Y10: 9527 | Z10: 297.71875 | AA10: 1 | AB10: 1 | AC10: 114 | AD10: 6 | AE10: 120 | AF10: 120 | AG10: 1 | AH10: 1 | AI10: 299 | AJ10: 61 | AK10: 360 | AL10: 360 | AM10: 1 | AN10: 1 | AO10: 521 | AP10: 80 | AQ10: 601 | AR10: 601 | AS10: =C10+I10+O10+U10+AA10+AG10+AM10 -> 166 | AT10: =D10+J10+P10+V10+AB10+AH10+AN10 -> 158 | AU10: =E10+K10+Q10+W10+AC10+AI10+AO10 -> 34625 | AV10: =F10+L10+R10+X10+AD10+AJ10+AP10 -> 17704 | AW10: =G10+M10+S10+Y10+AE10+AK10+AQ10 -> 52329 | AX10: =AW10/AT10 -> 331.1962
A11: 6 | B11: Chandigarh | C11: 3 | D11: 3 | E11: 1177 | F11: 711 | G11: 1888 | H11: 629.33333 | I11: 1 | J11: 0 | K11: 0 | L11: 0 | M11: 0 | O11: 0 | P11: 0 | Q11: 0 | R11: 0 | S11: 0 | U11: 3 | V11: 3 | W11: 2 | X11: 222 | Y11: 224 | Z11: 74.666667 | AA11: 1 | AB11: 1 | AC11: 397 | AD11: 38 | AE11: 435 | AF11: 435 | AG11: 0 | AH11: 0 | AI11: 0 | AJ11: 0 | AK11: 0 | AM11: 2 | AN11: 2 | AO11: 1059 | AP11: 271 | AQ11: 1330 | AR11: 665 | AS11: =C11+I11+O11+U11+AA11+AG11+AM11 -> 10 | AT11: =D11+J11+P11+V11+AB11+AH11+AN11 -> 9 | AU11: =E11+K11+Q11+W11+AC11+AI11+AO11 -> 2635 | AV11: =F11+L11+R11+X11+AD11+AJ11+AP11 -> 1242 | AW11: =G11+M11+S11+Y11+AE11+AK11+AQ11 -> 3877 | AX11: =AW11/AT11 -> 430.77778
A12: 7 | B12: Chhattisgarh | C12: 1 | D12: 1 | E12: 40 | F12: 27 | G12: 67 | H12: 67 | I12: 3 | J12: 3 | K12: 187 | L12: 104 | M12: 291 | N12: 97 | O12: 42 | P12: 39 | Q12: 182 | R12: 2289 | S12: 2471 | T12: 63.358974 | U12: 28 | V12: 26 | W12: 1961 | X12: 1942 | Y12: 3903 | Z12: 150.11538 | AA12: 1 | AB12: 1 | AC12: 68 | AD12: 17 | AE12: 85 | AF12: 85 | AG12: 0 | AH12: 0 | AI12: 0 | AJ12: 0 | AK12: 0 | AM12: 0 | AN12: 0 | AO12: 0 | AP12: 0 | AQ12: 0 | AS12: =C12+I12+O12+U12+AA12+AG12+AM12 -> 75 | AT12: =D12+J12+P12+V12+AB12+AH12+AN12 -> 70 | AU12: =E12+K12+Q12+W12+AC12+AI12+AO12 -> 2438 | AV12: =F12+L12+R12+X12+AD12+AJ12+AP12 -> 4379 | AW12: =G12+M12+S12+Y12+AE12+AK12+AQ12 -> 6817 | AX12: =AW12/AT12 -> 97.385714
A13: 8 | B13: Dadra and Nagar Haveli | C13: 0 | D13: 0 | E13: 0 | F13: 0 | G13: 0 | I13: 0 | J13: 0 | K13: 0 | L13: 0 | M13: 0 | O13: 1 | P13: 0 | Q13: 0 | R13: 0 | S13: 0 | U13: 0 | V13: 0 | W13: 0 | X13: 0 | Y13: 0 | AA13: 0 | AB13: 0 | AC13: 0 | AD13: 0 | AE13: 0 | AG13: 0 | AH13: 0 | AI13: 0 | AJ13: 0 | AK13: 0 | AM13: 1 | AN13: 1 | AO13: 154 | AP13: 33 | AQ13: 187 | AR13: 187 | AS13: =C13+I13+O13+U13+AA13+AG13+AM13 -> 2 | AT13: =D13+J13+P13+V13+AB13+AH13+AN13 -> 1 | AU13: =E13+K13+Q13+W13+AC13+AI13+AO13 -> 154 | AV13: =F13+L13+R13+X13+AD13+AJ13+AP13 -> 33 | AW13: =G13+M13+S13+Y13+AE13+AK13+AQ13 -> 187 | AX13: =AW13/AT13 -> 187
A14: 9 | B14: Daman and Diu | C14: 0 | D14: 0 | E14: 0 | F14: 0 | G14: 0 | I14: 0 | J14: 0 | K14: 0 | L14: 0 | M14: 0 | O14: 0 | P14: 0 | Q14: 0 | R14: 0 | S14: 0 | U14: 2 | V14: 0 | W14: 0 | X14: 0 | Y14: 0 | AA14: 0 | AB14: 0 | AC14: 0 | AD14: 0 | AE14: 0 | AG14: 0 | AH14: 0 | AI14: 0 | AJ14: 0 | AK14: 0 | AM14: 0 | AN14: 0 | AO14: 0 | AP14: 0 | AQ14: 0 | AS14: =C14+I14+O14+U14+AA14+AG14+AM14 -> 2 | AT14: =D14+J14+P14+V14+AB14+AH14+AN14 -> 0 | AU14: =E14+K14+Q14+W14+AC14+AI14+AO14 -> 0 | AV14: =F14+L14+R14+X14+AD14+AJ14+AP14 -> 0 | AW14: =G14+M14+S14+Y14+AE14+AK14+AQ14 -> 0
A15: 10 | B15: Delhi | C15: 18 | D15: 16 | E15: 12623 | F15: 1494 | G15: 14117 | H15: 882.3125 | I15: 14 | J15: 9 | K15: 6622 | L15: 4896 | M15: 11518 | N15: 1279.7778 | O15: 22 | P15: 20 | Q15: 8 | R15: 1847 | S15: 1855 | T15: 92.75 | U15: 41 | V15: 36 | W15: 729 | X15: 5839 | Y15: 6568 | Z15: 182.44444 | AA15: 13 | AB15: 0 | AC15: 0 | AD15: 0 | AE15: 0 | AG15: 2 | AH15: 2 | AI15: 588 | AJ15: 203 | AK15: 791 | AL15: 395.5 | AM15: 2 | AN15: 0 | AO15: 0 | AP15: 0 | AQ15: 0 | AS15: =C15+I15+O15+U15+AA15+AG15+AM15 -> 112 | AT15: =D15+J15+P15+V15+AB15+AH15+AN15 -> 83 | AU15: =E15+K15+Q15+W15+AC15+AI15+AO15 -> 20570 | AV15: =F15+L15+R15+X15+AD15+AJ15+AP15 -> 14279 | AW15: =G15+M15+S15+Y15+AE15+AK15+AQ15 -> 34849 | AX15: =AW15/AT15 -> 419.86747
A16: 11 | B16: Goa | C16: 8 | D16: 8 | E16: 4312 | F16: 361 | G16: 4673 | H16: 584.125 | I16: 1 | J16: 1 | K16: 516 | L16: 353 | M16: 869 | N16: 869 | O16: 0 | P16: 0 | Q16: 0 | R16: 0 | S16: 0 | T16: 0 | U16: 2 | V16: 2 | W16: 7 | X16: 294 | Y16: 301 | Z16: 150.5 | AA16: 0 | AB16: 0 | AC16: 0 | AD16: 0 | AE16: 0 | AG16: 0 | AH16: 0 | AI16: 0 | AJ16: 0 | AK16: 0 | AM16: 1 | AN16: 0 | AO16: 0 | AP16: 0 | AQ16: 0 | AS16: =C16+I16+O16+U16+AA16+AG16+AM16 -> 12 | AT16: =D16+J16+P16+V16+AB16+AH16+AN16 -> 11 | AU16: =E16+K16+Q16+W16+AC16+AI16+AO16 -> 4835 | AV16: =F16+L16+R16+X16+AD16+AJ16+AP16 -> 1008 | AW16: =G16+M16+S16+Y16+AE16+AK16+AQ16 -> 5843 | AX16: =AW16/AT16 -> 531.18182
A17: 12 | B17: Gujarat | C17: 10 | D17: 10 | E17: 1312 | F17: 108 | G17: 1420 | H17: 142 | I17: 9 | J17: 9 | K17: 1238 | L17: 769 | M17: 2007 | N17: 223 | O17: 144 | P17: 144 | Q17: 2100 | R17: 13685 | S17: 15785 | T17: 109.61806 | U17: 129 | V17: 128 | W17: 2008 | X17: 5103 | Y17: 7111 | Z17: 55.554688 | AA17: 7 | AB17: 7 | AC17: 323 | AD17: 331 | AE17: 654 | AF17: 93.428571 | AG17: 8 | AH17: 8 | AI17: 2958 | AJ17: 220 | AK17: 3178 | AL17: 397.25 | AM17: 1 | AN17: 1 | AO17: 488 | AP17: 210 | AQ17: 698 | AR17: 698 | AS17: =C17+I17+O17+U17+AA17+AG17+AM17 -> 308 | AT17: =D17+J17+P17+V17+AB17+AH17+AN17 -> 307 | AU17: =E17+K17+Q17+W17+AC17+AI17+AO17 -> 10427 | AV17: =F17+L17+R17+X17+AD17+AJ17+AP17 -> 20426 | AW17: =G17+M17+S17+Y17+AE17+AK17+AQ17 -> 30853 | AX17: =AW17/AT17 -> 100.49837
A18: 13 | B18: Haryana | C18: 162 | D18: 130 | E18: 36483 | F18: 7359 | G18: 43842 | H18: 337.24615 | I18: 12 | J18: 5 | K18: 501 | L18: 222 | M18: 723 | N18: 144.6 | O18: 27 | P18: 19 | Q18: 175 | R18: 2456 | S18: 2631 | T18: 138.47368 | U18: 38 | V18: 29 | W18: 1000 | X18: 1661 | Y18: 2661 | Z18: 91.758621 | AA18: 8 | AB18: 2 | AC18: 141 | AD18: 29 | AE18: 170 | AF18: 85 | AG18: 0 | AH18: 0 | AI18: 0 | AJ18: 0 | AK18: 0 | AM18: 5 | AN18: 5 | AO18: 1411 | AP18: 216 | AQ18: 1627 | AR18: 325.4 | AS18: =C18+I18+O18+U18+AA18+AG18+AM18 -> 252 | AT18: =D18+J18+P18+V18+AB18+AH18+AN18 -> 190 | AU18: =E18+K18+Q18+W18+AC18+AI18+AO18 -> 39711 | AV18: =F18+L18+R18+X18+AD18+AJ18+AP18 -> 11943 | AW18: =G18+M18+S18+Y18+AE18+AK18+AQ18 -> 51654 | AX18: =AW18/AT18 -> 271.86316
A19: 14 | B19: Himachal Pradesh | C19: 37 | D19: 35 | E19: 5526 | F19: 1864 | G19: 7390 | H19: 211.14286 | I19: 0 | J19: 0 | K19: 0 | L19: 0 | M19: 0 | O19: 25 | P19: 25 | Q19: 0 | R19: 2804 | S19: 2804 | T19: 112.16 | U19: 18 | V19: 18 | W19: 1113 | X19: 1708 | Y19: 2821 | Z19: 156.72222 | AA19: 1 | AB19: 1 | AC19: 63 | AD19: 2 | AE19: 65 | AF19: 65 | AG19: 0 | AH19: 0 | AI19: 0 | AJ19: 0 | AK19: 0 | AM19: 2 | AN19: 2 | AO19: 1072 | AP19: 139 | AQ19: 1211 | AR19: 605.5 | AS19: =C19+I19+O19+U19+AA19+AG19+AM19 -> 83 | AT19: =D19+J19+P19+V19+AB19+AH19+AN19 -> 81 | AU19: =E19+K19+Q19+W19+AC19+AI19+AO19 -> 7774 | AV19: =F19+L19+R19+X19+AD19+AJ19+AP19 -> 6517 | AW19: =G19+M19+S19+Y19+AE19+AK19+AQ19 -> 14291 | AX19: =AW19/AT19 -> 176.4321
A20: 15 | B20: Jammu and Kashmir | C20: 53 | D20: 48 | E20: 7140 | F20: 3306 | G20: 10446 | H20: 217.625 | I20: 0 | J20: 0 | K20: 0 | L20: 0 | M20: 0 | O20: 28 | P20: 25 | Q20: 1498 | R20: 3028 | S20: 4526 | T20: 181.04 | U20: 21 | V20: 19 | W20: 803 | X20: 520 | Y20: 1323 | Z20: 69.631579 | AA20: 0 | AB20: 0 | AC20: 0 | AD20: 0 | AE20: 0 | AF20: 0 | AG20: 14 | AH20: 5 | AI20: 447 | AJ20: 770 | AK20: 1217 | AL20: 243.4 | AM20: 2 | AN20: 2 | AO20: 316 | AP20: 35 | AQ20: 351 | AR20: 175.5 | AS20: =C20+I20+O20+U20+AA20+AG20+AM20 -> 118 | AT20: =D20+J20+P20+V20+AB20+AH20+AN20 -> 99 | AU20: =E20+K20+Q20+W20+AC20+AI20+AO20 -> 10204 | AV20: =F20+L20+R20+X20+AD20+AJ20+AP20 -> 7659 | AW20: =G20+M20+S20+Y20+AE20+AK20+AQ20 -> 17863 | AX20: =AW20/AT20 -> 180.43434
A21: 16 | B21: Jharkhand | C21: 41 | D21: 39 | E21: 19444 | F21: 3667 | G21: 23111 | H21: 592.58974 | I21: 6 | J21: 6 | K21: 1188 | L21: 693 | M21: 1881 | N21: 313.5 | O21: 33 | P21: 28 | Q21: 809 | R21: 3139 | S21: 3948 | T21: 141 | U21: 5 | V21: 5 | W21: 233 | X21: 683 | Y21: 916 | Z21: 183.2 | AA21: 1 | AB21: 1 | AC21: 102 | AD21: 15 | AE21: 117 | AF21: 117 | AG21: 4 | AH21: 3 | AI21: 274 | AJ21: 220 | AK21: 494 | AL21: 164.66667 | AM21: 1 | AN21: 1 | AO21: 25 | AP21: 6 | AQ21: 31 | AR21: 31 | AS21: =C21+I21+O21+U21+AA21+AG21+AM21 -> 91 | AT21: =D21+J21+P21+V21+AB21+AH21+AN21 -> 83 | AU21: =E21+K21+Q21+W21+AC21+AI21+AO21 -> 22075 | AV21: =F21+L21+R21+X21+AD21+AJ21+AP21 -> 8423 | AW21: =G21+M21+S21+Y21+AE21+AK21+AQ21 -> 30498 | AX21: =AW21/AT21 -> 367.44578
A22: 17 | B22: Karnataka | C22: 355 | D22: 332 | E22: 87900 | F22: 29238 | G22: 117138 | H22: 352.8253 | I22: 25 | J22: 16 | K22: 2728 | L22: 1960 | M22: 4688 | N22: 293 | O22: 613 | P22: 443 | Q22: 15815 | R22: 39523 | S22: 55338 | T22: 124.91648 | U22: 417 | V22: 261 | W22: 1858 | X22: 5031 | Y22: 6889 | Z22: 26.394636 | AA22: 9 | AB22: 3 | AC22: 700 | AD22: 116 | AE22: 816 | AF22: 272 | AG22: 269 | AH22: 42 | AI22: 1849 | AJ22: 2807 | AK22: 4656 | AL22: 110.85714 | AM22: 2 | AN22: 1 | AO22: 16 | AP22: 3 | AQ22: 19 | AR22: 19 | AS22: =C22+I22+O22+U22+AA22+AG22+AM22 -> 1690 | AT22: =D22+J22+P22+V22+AB22+AH22+AN22 -> 1098 | AU22: =E22+K22+Q22+W22+AC22+AI22+AO22 -> 110866 | AV22: =F22+L22+R22+X22+AD22+AJ22+AP22 -> 78678 | AW22: =G22+M22+S22+Y22+AE22+AK22+AQ22 -> 189544 | AX22: =AW22/AT22 -> 172.62659
A23: 18 | B23: Kerala | C23: 83 | D23: 77 | E23: 37334 | F23: 10942 | G23: 48276 | H23: 626.96104 | I23: 6 | J23: 4 | K23: 408 | L23: 355 | M23: 763 | N23: 190.75 | O23: 161 | P23: 135 | Q23: 422 | R23: 9616 | S23: 10038 | T23: 74.355556 | U23: 197 | V23: 142 | W23: 1824 | X23: 9441 | Y23: 11265 | Z23: 79.330986 | AA23: 2 | AB23: 0 | AC23: 0 | AD23: 0 | AE23: 0 | AG23: 1 | AH23: 1 | AI23: 9 | AJ23: 43 | AK23: 52 | AL23: 52 | AM23: 2 | AN23: 0 | AO23: 0 | AP23: 0 | AQ23: 0 | AS23: =C23+I23+O23+U23+AA23+AG23+AM23 -> 452 | AT23: =D23+J23+P23+V23+AB23+AH23+AN23 -> 359 | AU23: =E23+K23+Q23+W23+AC23+AI23+AO23 -> 39997 | AV23: =F23+L23+R23+X23+AD23+AJ23+AP23 -> 30397 | AW23: =G23+M23+S23+Y23+AE23+AK23+AQ23 -> 70394 | AX23: =AW23/AT23 -> 196.08357
A24: 19 | B24: Ladakh | C24: 2 | D24: 2 | E24: 112 | F24: 24 | G24: 136 | H24: 68 | I24: 0 | J24: 0 | K24: 0 | L24: 0 | M24: 0 | O24: 0 | P24: 0 | Q24: 0 | R24: 0 | S24: 0 | U24: 2 | V24: 2 | W24: 0 | X24: 0 | Y24: 0 | Z24: 0 | AA24: 0 | AB24: 0 | AC24: 0 | AD24: 0 | AE24: 0 | AG24: 0 | AH24: 0 | AI24: 0 | AJ24: 0 | AK24: 0 | AM24: 0 | AN24: 0 | AO24: 0 | AP24: 0 | AQ24: 0 | AS24: =C24+I24+O24+U24+AA24+AG24+AM24 -> 4 | AT24: =D24+J24+P24+V24+AB24+AH24+AN24 -> 4 | AU24: =E24+K24+Q24+W24+AC24+AI24+AO24 -> 112 | AV24: =F24+L24+R24+X24+AD24+AJ24+AP24 -> 24 | AW24: =G24+M24+S24+Y24+AE24+AK24+AQ24 -> 136 | AX24: =AW24/AT24 -> 34
A25: 20 | B25: Lakshadweep | C25: 0 | D25: 0 | E25: 0 | F25: 0 | G25: 0 | I25: 0 | J25: 0 | K25: 0 | L25: 0 | M25: 0 | O25: 0 | P25: 0 | Q25: 0 | R25: 0 | S25: 0 | U25: 0 | V25: 0 | W25: 0 | X25: 0 | Y25: 0 | AA25: 0 | AB25: 0 | AC25: 0 | AD25: 0 | AE25: 0 | AG25: 0 | AH25: 0 | AI25: 0 | AJ25: 0 | AK25: 0 | AM25: 0 | AN25: 0 | AO25: 0 | AP25: 0 | AQ25: 0 | AS25: =C25+I25+O25+U25+AA25+AG25+AM25 -> 0 | AT25: =D25+J25+P25+V25+AB25+AH25+AN25 -> 0 | AU25: =E25+K25+Q25+W25+AC25+AI25+AO25 -> 0 | AV25: =F25+L25+R25+X25+AD25+AJ25+AP25 -> 0 | AW25: =G25+M25+S25+Y25+AE25+AK25+AQ25 -> 0
A26: 21 | B26: Madhya Pradesh | C26: 69 | D26: 32 | E26: 8361 | F26: 2173 | G26: 10534 | H26: 329.1875 | I26: 35 | J26: 12 | K26: 1697 | L26: 760 | M26: 2457 | N26: 204.75 | O26: 130 | P26: 52 | Q26: 2022 | R26: 6300 | S26: 8322 | T26: 160.03846 | U26: 139 | V26: 70 | W26: 4214 | X26: 5989 | Y26: 10203 | Z26: 145.75714 | AA26: 3 | AB26: 1 | AC26: 163 | AD26: 67 | AE26: 230 | AF26: 230 | AG26: 1 | AH26: 0 | AI26: 0 | AJ26: 0 | AK26: 0 | AM26: 2 | AN26: 0 | AO26: 0 | AP26: 0 | AQ26: 0 | AS26: =C26+I26+O26+U26+AA26+AG26+AM26 -> 379 | AT26: =D26+J26+P26+V26+AB26+AH26+AN26 -> 167 | AU26: =E26+K26+Q26+W26+AC26+AI26+AO26 -> 16457 | AV26: =F26+L26+R26+X26+AD26+AJ26+AP26 -> 15289 | AW26: =G26+M26+S26+Y26+AE26+AK26+AQ26 -> 31746 | AX26: =AW26/AT26 -> 190.09581
A27: 22 | B27: Maharashtra | C27: 746 | D27: 724 | E27: 142365 | F27: 61751 | G27: 204116 | H27: 281.92818 | I27: 64 | J27: 39 | K27: 6361 | L27: 4622 | M27: 10983 | N27: 281.61538 | O27: 607 | P27: 576 | Q27: 3572 | R27: 33539 | S27: 37111 | T27: 64.428819 | U27: 959 | V27: 761 | W27: 6837 | X27: 25783 | Y27: 32620 | Z27: 42.864652 | AA27: 15 | AB27: 9 | AC27: 2748 | AD27: 376 | AE27: 3124 | AF27: 347.11111 | AG27: 0 | AH27: 0 | AI27: 0 | AJ27: 0 | AK27: 0 | AM27: 2 | AN27: 1 | AO27: 764 | AP27: 301 | AQ27: 1065 | AR27: 1065 | AS27: =C27+I27+O27+U27+AA27+AG27+AM27 -> 2393 | AT27: =D27+J27+P27+V27+AB27+AH27+AN27 -> 2110 | AU27: =E27+K27+Q27+W27+AC27+AI27+AO27 -> 162647 | AV27: =F27+L27+R27+X27+AD27+AJ27+AP27 -> 126372 | AW27: =G27+M27+S27+Y27+AE27+AK27+AQ27 -> 289019 | AX27: =AW27/AT27 -> 136.97583
A28: 23 | B28: Manipur | C28: 2 | D28: 2 | E28: 139 | F28: 73 | G28: 212 | H28: 106 | I28: 0 | J28: 0 | K28: 0 | L28: 0 | M28: 0 | O28: 12 | P28: 11 | Q28: 59 | R28: 811 | S28: 870 | T28: 79.090909 | U28: 11 | V28: 11 | W28: 276 | X28: 829 | Y28: 1105 | Z28: 100.45455 | AA28: 1 | AB28: 1 | AC28: 141 | AD28: 49 | AE28: 190 | AF28: 190 | AG28: 3 | AH28: 3 | AI28: 71 | AJ28: 120 | AK28: 191 | AL28: 63.666667 | AM28: 0 | AN28: 0 | AO28: 0 | AP28: 0 | AQ28: 0 | AS28: =C28+I28+O28+U28+AA28+AG28+AM28 -> 29 | AT28: =D28+J28+P28+V28+AB28+AH28+AN28 -> 28 | AU28: =E28+K28+Q28+W28+AC28+AI28+AO28 -> 686 | AV28: =F28+L28+R28+X28+AD28+AJ28+AP28 -> 1882 | AW28: =G28+M28+S28+Y28+AE28+AK28+AQ28 -> 2568 | AX28: =AW28/AT28 -> 91.714286
A29: 24 | B29: Meghalaya | C29: 3 | D29: 3 | E29: 583 | F29: 282 | G29: 865 | H29: 288.33333 | I29: 0 | J29: 0 | K29: 0 | L29: 0 | M29: 0 | O29: 8 | P29: 7 | Q29: 13 | R29: 779 | S29: 792 | T29: 113.14286 | U29: 8 | V29: 7 | W29: 334 | X29: 642 | Y29: 976 | Z29: 139.42857 | AA29: 1 | AB29: 1 | AC29: 162 | AD29: 258 | AE29: 420 | AF29: 420 | AG29: 0 | AH29: 0 | AI29: 0 | AJ29: 0 | AK29: 0 | AM29: 1 | AN29: 1 | AO29: 260 | AP29: 116 | AQ29: 376 | AR29: 376 | AS29: =C29+I29+O29+U29+AA29+AG29+AM29 -> 21 | AT29: =D29+J29+P29+V29+AB29+AH29+AN29 -> 19 | AU29: =E29+K29+Q29+W29+AC29+AI29+AO29 -> 1352 | AV29: =F29+L29+R29+X29+AD29+AJ29+AP29 -> 2077 | AW29: =G29+M29+S29+Y29+AE29+AK29+AQ29 -> 3429 | AX29: =AW29/AT29 -> 180.47368
A30: 25 | B30: Mizoram | C30: 2 | D30: 2 | E30: 161 | F30: 230 | G30: 391 | H30: 195.5 | I30: 0 | J30: 0 | K30: 0 | L30: 0 | M30: 0 | O30: 5 | P30: 5 | Q30: 46 | R30: 361 | S30: 407 | T30: 81.4 | U30: 9 | V30: 9 | W30: 480 | X30: 791 | Y30: 1271 | Z30: 141.22222 | AA30: 0 | AB30: 0 | AC30: 0 | AD30: 0 | AE30: 0 | AG30: 0 | AH30: 0 | AI30: 0 | AJ30: 0 | AK30: 0 | AM30: 0 | AN30: 0 | AO30: 0 | AP30: 0 | AQ30: 0 | AS30: =C30+I30+O30+U30+AA30+AG30+AM30 -> 16 | AT30: =D30+J30+P30+V30+AB30+AH30+AN30 -> 16 | AU30: =E30+K30+Q30+W30+AC30+AI30+AO30 -> 687 | AV30: =F30+L30+R30+X30+AD30+AJ30+AP30 -> 1382 | AW30: =G30+M30+S30+Y30+AE30+AK30+AQ30 -> 2069 | AX30: =AW30/AT30 -> 129.3125
A31: 26 | B31: Nagaland | C31: 7 | D31: 5 | E31: 506 | F31: 153 | G31: 659 | H31: 131.8 | I31: 0 | J31: 0 | K31: 0 | L31: 0 | M31: 0 | O31: 4 | P31: 3 | Q31: 14 | R31: 230 | S31: 244 | T31: 81.333333 | U31: 9 | V31: 9 | W31: 266 | X31: 552 | Y31: 818 | Z31: 90.888889 | AA31: 0 | AB31: 0 | AC31: 0 | AD31: 0 | AE31: 0 | AG31: 0 | AH31: 0 | AI31: 0 | AJ31: 0 | AK31: 0 | AM31: 0 | AN31: 0 | AO31: 0 | AP31: 0 | AQ31: 0 | AS31: =C31+I31+O31+U31+AA31+AG31+AM31 -> 20 | AT31: =D31+J31+P31+V31+AB31+AH31+AN31 -> 17 | AU31: =E31+K31+Q31+W31+AC31+AI31+AO31 -> 786 | AV31: =F31+L31+R31+X31+AD31+AJ31+AP31 -> 935 | AW31: =G31+M31+S31+Y31+AE31+AK31+AQ31 -> 1721 | AX31: =AW31/AT31 -> 101.23529
A32: 27 | B32: Odisha | C32: 127 | D32: 127 | E32: 76547 | F32: 16339 | G32: 92886 | H32: 731.38583 | I32: 8 | J32: 6 | K32: 543 | L32: 320 | M32: 863 | N32: 143.83333 | O32: 170 | P32: 170 | Q32: 808 | R32: 14502 | S32: 15310 | T32: 90.058824 | U32: 66 | V32: 65 | W32: 5785 | X32: 6130 | Y32: 11915 | Z32: 183.30769 | AA32: 3 | AB32: 2 | AC32: 165 | AD32: 91 | AE32: 256 | AF32: 128 | AG32: 11 | AH32: 10 | AI32: 290 | AJ32: 191 | AK32: 481 | AL32: 48.1 | AM32: 1 | AN32: 1 | AO32: 459 | AP32: 218 | AQ32: 677 | AR32: 677 | AS32: =C32+I32+O32+U32+AA32+AG32+AM32 -> 386 | AT32: =D32+J32+P32+V32+AB32+AH32+AN32 -> 381 | AU32: =E32+K32+Q32+W32+AC32+AI32+AO32 -> 84597 | AV32: =F32+L32+R32+X32+AD32+AJ32+AP32 -> 37791 | AW32: =G32+M32+S32+Y32+AE32+AK32+AQ32 -> 122388 | AX32: =AW32/AT32 -> 321.22835
A33: 28 | B33: Puducherry | C33: 9 | D33: 9 | E33: 2910 | F33: 693 | G33: 3603 | H33: 400.33333 | I33: 0 | J33: 0 | K33: 0 | L33: 0 | M33: 0 | O33: 1 | P33: 1 | Q33: 0 | R33: 129 | S33: 129 | T33: 129 | U33: 4 | V33: 3 | W33: 10 | X33: 216 | Y33: 226 | Z33: 75.333333 | AA33: 0 | AB33: 0 | AC33: 0 | AD33: 0 | AE33: 0 | AF33: 0 | AG33: 0 | AH33: 0 | AI33: 0 | AJ33: 0 | AK33: 0 | AM33: 0 | AN33: 0 | AO33: 0 | AP33: 0 | AQ33: 0 | AS33: =C33+I33+O33+U33+AA33+AG33+AM33 -> 14 | AT33: =D33+J33+P33+V33+AB33+AH33+AN33 -> 13 | AU33: =E33+K33+Q33+W33+AC33+AI33+AO33 -> 2920 | AV33: =F33+L33+R33+X33+AD33+AJ33+AP33 -> 1038 | AW33: =G33+M33+S33+Y33+AE33+AK33+AQ33 -> 3958 | AX33: =AW33/AT33 -> 304.46154
A34: 29 | B34: Punjab | C34: 196 | D34: 189 | E34: 41287 | F34: 8333 | G34: 49620 | H34: 262.53968 | I34: 2 | J34: 0 | K34: 0 | L34: 0 | M34: 0 | O34: 155 | P34: 98 | Q34: 1636 | R34: 9104 | S34: 10740 | T34: 109.59184 | U34: 59 | V34: 53 | W34: 1887 | X34: 4244 | Y34: 6131 | Z34: 115.67925 | AA34: 3 | AB34: 2 | AC34: 1643 | AD34: 64 | AE34: 1707 | AF34: 853.5 | AG34: 5 | AH34: 1 | AI34: 99 | AJ34: 18 | AK34: 117 | AL34: 117 | AM34: 1 | AN34: 1 | AO34: 467 | AP34: 71 | AQ34: 538 | AR34: 538 | AS34: =C34+I34+O34+U34+AA34+AG34+AM34 -> 421 | AT34: =D34+J34+P34+V34+AB34+AH34+AN34 -> 344 | AU34: =E34+K34+Q34+W34+AC34+AI34+AO34 -> 47019 | AV34: =F34+L34+R34+X34+AD34+AJ34+AP34 -> 21834 | AW34: =G34+M34+S34+Y34+AE34+AK34+AQ34 -> 68853 | AX34: =AW34/AT34 -> 200.15407
A35: 30 | B35: Rajasthan | C35: 191 | D35: 149 | E35: 28867 | F35: 4697 | G35: 33564 | H35: 225.26174 | I35: 9 | J35: 3 | K35: 509 | L35: 377 | M35: 886 | N35: 295.33333 | O35: 72 | P35: 38 | Q35: 2956 | R35: 1613 | S35: 4569 | T35: 120.23684 | U35: 235 | V35: 192 | W35: 12425 | X35: 11009 | Y35: 23434 | Z35: 122.05208 | AA35: 3 | AB35: 1 | AC35: 315 | AD35: 8 | AE35: 323 | AF35: 323 | AG35: 52 | AH35: 25 | AI35: 2150 | AJ35: 654 | AK35: 2804 | AL35: 112.16 | AM35: 5 | AN35: 1 | AO35: 0 | AP35: 0 | AQ35: 0 | AR35: 0 | AS35: =C35+I35+O35+U35+AA35+AG35+AM35 -> 567 | AT35: =D35+J35+P35+V35+AB35+AH35+AN35 -> 409 | AU35: =E35+K35+Q35+W35+AC35+AI35+AO35 -> 47222 | AV35: =F35+L35+R35+X35+AD35+AJ35+AP35 -> 18358 | AW35: =G35+M35+S35+Y35+AE35+AK35+AQ35 -> 65580 | AX35: =AW35/AT35 -> 160.3423
A36: 31 | B36: Sikkim | C36: 2 | D36: 2 | E36: 750 | F36: 382 | G36: 1132 | H36: 566 | I36: 0 | J36: 0 | K36: 0 | L36: 0 | M36: 0 | O36: 1 | P36: 1 | Q36: 0 | R36: 20 | S36: 20 | T36: 20 | U36: 4 | V36: 4 | W36: 59 | X36: 271 | Y36: 330 | Z36: 82.5 | AA36: 0 | AB36: 0 | AC36: 0 | AD36: 0 | AE36: 0 | AG36: 0 | AH36: 0 | AI36: 0 | AJ36: 0 | AK36: 0 | AM36: 1 | AN36: 1 | AO36: 56 | AP36: 22 | AQ36: 78 | AR36: 78 | AS36: =C36+I36+O36+U36+AA36+AG36+AM36 -> 8 | AT36: =D36+J36+P36+V36+AB36+AH36+AN36 -> 8 | AU36: =E36+K36+Q36+W36+AC36+AI36+AO36 -> 865 | AV36: =F36+L36+R36+X36+AD36+AJ36+AP36 -> 695 | AW36: =G36+M36+S36+Y36+AE36+AK36+AQ36 -> 1560 | AX36: =AW36/AT36 -> 195
A37: 32 | B37: Tamil Nadu | C37: 494 | D37: 494 | E37: 273057 | F37: 27930 | G37: 300987 | H37: 609.28543 | I37: 11 | J37: 8 | K37: 463 | L37: 293 | M37: 756 | N37: 94.5 | O37: 106 | P37: 106 | Q37: 65 | R37: 8448 | S37: 8513 | T37: 80.311321 | U37: 293 | V37: 293 | W37: 436 | X37: 5553 | Y37: 5989 | Z37: 20.440273 | AA37: 8 | AB37: 5 | AC37: 1063 | AD37: 106 | AE37: 1169 | AF37: 233.8 | AG37: 0 | AH37: 0 | AI37: 0 | AJ37: 0 | AK37: 0 | AM37: 2 | AN37: 2 | AO37: 925 | AP37: 192 | AQ37: 1117 | AR37: 558.5 | AS37: =C37+I37+O37+U37+AA37+AG37+AM37 -> 914 | AT37: =D37+J37+P37+V37+AB37+AH37+AN37 -> 908 | AU37: =E37+K37+Q37+W37+AC37+AI37+AO37 -> 276009 | AV37: =F37+L37+R37+X37+AD37+AJ37+AP37 -> 42522 | AW37: =G37+M37+S37+Y37+AE37+AK37+AQ37 -> 318531 | AX37: =AW37/AT37 -> 350.80507
A38: 33 | B38: Telangana | C38: 155 | D38: 136 | E38: 46442 | F38: 20047 | G38: 66489 | H38: 488.88971 | I38: 14 | J38: 7 | K38: 1534 | L38: 1155 | M38: 2689 | N38: 384.14286 | O38: 155 | P38: 121 | Q38: 671 | R38: 13802 | S38: 14473 | T38: 119.61157 | U38: 186 | V38: 179 | W38: 2790 | X38: 8693 | Y38: 11483 | Z38: 64.150838 | AA38: 3 | AB38: 0 | AC38: 0 | AD38: 0 | AE38: 0 | AG38: 0 | AH38: 0 | AI38: 0 | AJ38: 0 | AK38: 0 | AM38: 1 | AN38: 1 | AO38: 570 | AP38: 174 | AQ38: 744 | AR38: 744 | AS38: =C38+I38+O38+U38+AA38+AG38+AM38 -> 514 | AT38: =D38+J38+P38+V38+AB38+AH38+AN38 -> 444 | AU38: =E38+K38+Q38+W38+AC38+AI38+AO38 -> 52007 | AV38: =F38+L38+R38+X38+AD38+AJ38+AP38 -> 43871 | AW38: =G38+M38+S38+Y38+AE38+AK38+AQ38 -> 95878 | AX38: =AW38/AT38 -> 215.94144
A39: 34 | B39: Tripura | C39: 0 | D39: 0 | E39: 0 | F39: 0 | G39: 0 | I39: 0 | J39: 0 | K39: 0 | L39: 0 | M39: 0 | O39: 7 | P39: 5 | Q39: 134 | R39: 368 | S39: 502 | T39: 100.4 | U39: 4 | V39: 4 | W39: 368 | X39: 542 | Y39: 910 | Z39: 227.5 | AA39: 1 | AB39: 1 | AC39: 12 | AD39: 8 | AE39: 20 | AF39: 20 | AG39: 0 | AH39: 0 | AI39: 0 | AJ39: 0 | AK39: 0 | AM39: 0 | AN39: 0 | AO39: 0 | AP39: 0 | AQ39: 0 | AS39: =C39+I39+O39+U39+AA39+AG39+AM39 -> 12 | AT39: =D39+J39+P39+V39+AB39+AH39+AN39 -> 10 | AU39: =E39+K39+Q39+W39+AC39+AI39+AO39 -> 514 | AV39: =F39+L39+R39+X39+AD39+AJ39+AP39 -> 918 | AW39: =G39+M39+S39+Y39+AE39+AK39+AQ39 -> 1432 | AX39: =AW39/AT39 -> 143.2
A40: 35 | B40: Uttar Pradesh | C40: 508 | D40: 383 | E40: 128571 | F40: 24636 | G40: 153207 | H40: 400.01828 | I40: 70 | J40: 33 | K40: 3815 | L40: 2250 | M40: 6065 | N40: 183.78788 | O40: 275 | P40: 259 | Q40: 8250 | R40: 46683 | S40: 54933 | T40: 212.09653 | U40: 239 | V40: 132 | W40: 8691 | X40: 12466 | Y40: 21157 | Z40: 160.2803 | AA40: 6 | AB40: 2 | AC40: 463 | AD40: 72 | AE40: 535 | AF40: 267.5 | AG40: 15 | AH40: 7 | AI40: 256 | AJ40: 106 | AK40: 362 | AL40: 51.714286 | AM40: 3 | AN40: 2 | AO40: 265 | AP40: 20 | AQ40: 285 | AR40: 142.5 | AS40: =C40+I40+O40+U40+AA40+AG40+AM40 -> 1116 | AT40: =D40+J40+P40+V40+AB40+AH40+AN40 -> 818 | AU40: =E40+K40+Q40+W40+AC40+AI40+AO40 -> 150311 | AV40: =F40+L40+R40+X40+AD40+AJ40+AP40 -> 86233 | AW40: =G40+M40+S40+Y40+AE40+AK40+AQ40 -> 236544 | AX40: =AW40/AT40 -> 289.17359
A41: 36 | B41: Uttarakhand | C41: 114 | D41: 107 | E41: 13744 | F41: 3749 | G41: 17493 | H41: 163.48598 | I41: 3 | J41: 2 | K41: 245 | L41: 493 | M41: 738 | N41: 369 | O41: 33 | P41: 25 | Q41: 1004 | R41: 1809 | S41: 2813 | T41: 112.52 | U41: 13 | V41: 13 | W41: 367 | X41: 249 | Y41: 616 | Z41: 47.384615 | AA41: 2 | AB41: 2 | AC41: 354 | AD41: 46 | AE41: 400 | AF41: 200 | AG41: 0 | AH41: 0 | AI41: 0 | AJ41: 0 | AK41: 0 | AM41: 1 | AN41: 1 | AO41: 432 | AP41: 34 | AQ41: 466 | AR41: 466 | AS41: =C41+I41+O41+U41+AA41+AG41+AM41 -> 166 | AT41: =D41+J41+P41+V41+AB41+AH41+AN41 -> 150 | AU41: =E41+K41+Q41+W41+AC41+AI41+AO41 -> 16146 | AV41: =F41+L41+R41+X41+AD41+AJ41+AP41 -> 6380 | AW41: =G41+M41+S41+Y41+AE41+AK41+AQ41 -> 22526 | AX41: =AW41/AT41 -> 150.17333
A42: 37 | B42: West Bengal | C42: 153 | D42: 153 | E42: 81767 | F42: 11930 | G42: 93697 | H42: 612.39869 | I42: 15 | J42: 15 | K42: 3173 | L42: 1279 | M42: 4452 | N42: 296.8 | O42: 76 | P42: 76 | Q42: 248 | R42: 15638 | S42: 15886 | T42: 209.02632 | U42: 219 | V42: 219 | W42: 18341 | X42: 19476 | Y42: 37817 | Z42: 172.68037 | AA42: 12 | AB42: 12 | AC42: 3089 | AD42: 850 | AE42: 3939 | AF42: 328.25 | AG42: 1 | AH42: 1 | AI42: 49 | AJ42: 11 | AK42: 60 | AL42: 60 | AM42: 1 | AN42: 1 | AO42: 122 | AP42: 58 | AQ42: 180 | AR42: 180 | AS42: =C42+I42+O42+U42+AA42+AG42+AM42 -> 477 | AT42: =D42+J42+P42+V42+AB42+AH42+AN42 -> 477 | AU42: =E42+K42+Q42+W42+AC42+AI42+AO42 -> 106789 | AV42: =F42+L42+R42+X42+AD42+AJ42+AP42 -> 49242 | AW42: =G42+M42+S42+Y42+AE42+AK42+AQ42 -> 156031 | AX42: =AW42/AT42 -> 327.10901
A43: All India | C43: =SUM(C6:C42) -> 3805 | D43: =SUM(D6:D42) -> 3451 | E43: =SUM(E6:E42) -> 1153337 | F43: =SUM(F6:F42) -> 267182 | G43: =SUM(G6:G42) -> 1420519 | H43: =G43/D43 -> 411.62533 | I43: =SUM(I6:I42) -> 321 | J43: =SUM(J6:J42) -> 188 | K43: =SUM(K6:K42) -> 32641 | L43: =SUM(L6:L42) -> 21394 | M43: =SUM(M6:M42) -> 54035 | N43: =M43/J43 -> 287.42021 | O43: =SUM(O6:O42) -> 3264 | P43: =SUM(P6:P42) -> 2723 | Q43: =SUM(Q6:Q42) -> 44903 | R43: =SUM(R6:R42) -> 262360 | S43: =SUM(S6:S42) -> 307263 | T43: =S43/P43 -> 112.83988 | U43: =SUM(U6:U42) -> 3849 | V43: =SUM(V6:V42) -> 3041 | W43: =SUM(W6:W42) -> 90188 | X43: =SUM(X6:X42) -> 159789 | Y43: =SUM(Y6:Y42) -> 249977 | Z43: =Y43/V43 -> 82.202236 | AA43: =SUM(AA6:AA42) -> 108 | AB43: =SUM(AB6:AB42) -> 58 | AC43: =SUM(AC6:AC42) -> 12878 | AD43: =SUM(AD6:AD42) -> 2824 | AE43: =SUM(AE6:AE42) -> 15702 | AF43: =AE43/AB43 -> 270.72414 | AG43: =SUM(AG6:AG42) -> 388 | AH43: =SUM(AH6:AH42) -> 109 | AI43: =SUM(AI6:AI42) -> 9339 | AJ43: =SUM(AJ6:AJ42) -> 5424 | AK43: =SUM(AK6:AK42) -> 14763 | AL43: =AK43/AH43 -> 135.44037 | AM43: =SUM(AM6:AM42) -> 44 | AN43: =SUM(AN6:AN42) -> 29 | AO43: =SUM(AO6:AO42) -> 9382 | AP43: =SUM(AP6:AP42) -> 2199 | AQ43: =SUM(AQ6:AQ42) -> 11581 | AR43: =AQ43/AN43 -> 399.34483 | AS43: =SUM(AS6:AS42) -> 11779 | AT43: =SUM(AT6:AT42) -> 9599 | AU43: =SUM(AU6:AU42) -> 1352668 | AV43: =SUM(AV6:AV42) -> 721172 | AW43: =SUM(AW6:AW42) -> 2073840 | AX43: =AW43/AT43 -> 216.0475

Sheet 10CollegeEst
B1: Table 10. | C1: State-wise Estimated Enrolment in Colleges
A2: Sl No | B2: State/UTs | C2: Post Graduate | F2: Under Graduate
C3: Male | D3: Female | E3: Total | F3: Male | G3: Female | H3: Total
A4: 1 | B4: 2 | C4: 3 | D4: 4 | E4: 5 | F4: 6 | G4: 7 | H4: 8
A5: 1 | B5: Andaman and Nicobar Islands | C5: 69 | D5: 283 | E5: 352 | F5: 1933 | G5: 2757 | H5: 4690
A6: 2 | B6: Andhra Pradesh | C6: 73624 | D6: 68039 | E6: 141663 | F6: 617882 | G6: 561805 | H6: 1179687
A7: 3 | B7: Arunachal Pradesh | C7: 62 | D7: 140 | E7: 202 | F7: 10157 | G7: 10435 | H7: 20592
A8: 4 | B8: Assam | C8: 3582 | D8: 5592 | E8: 9174 | F8: 224775 | G8: 249458 | H8: 474233
A9: 5 | B9: Bihar | C9: 21709 | D9: 20838 | E9: 42547 | F9: 773344 | G9: 628761 | H9: 1402105
A10: 6 | B10: Chandigarh | C10: 1429 | D10: 4570 | E10: 5999 | F10: 18984 | G10: 24512 | H10: 43496
A11: 7 | B11: Chhattisgarh | C11: 17475 | D11: 29527 | E11: 47002 | F11: 155048 | G11: 209518 | H11: 364566
A12: 8 | B12: Dadra and Nagar Haveli | C12: 66 | D12: 185 | E12: 251 | F12: 2247 | G12: 2822 | H12: 5069
A13: 9 | B13: Daman and Diu | C13: 66 | D13: 186 | E13: 252 | F13: 1035 | G13: 1310 | H13: 2345
A14: 10 | B14: Delhi | C14: 5865 | D14: 8161 | E14: 14026 | F14: 128305 | G14: 131231 | H14: 259536
A15: 11 | B15: Goa | C15: 639 | D15: 1601 | E15: 2240 | F15: 14917 | G15: 20571 | H15: 35488
A16: 12 | B16: Gujarat | C16: 36247 | D16: 51915 | E16: 88162 | F16: 548523 | G16: 443575 | H16: 992098
... A37: 33 | B37: Telangana | C37: 51887 | D37: 71935 | E37: 123822 | F37: 495795 | G37: 540726 | H37: 1036521
A38: 34 | B38: Tripura | C38: 129 | D38: 161 | E38: =C38+D38 -> 290 | F38: 30929 | G38: 27724 | H38: 58653
A39: 35 | B39: Uttar Pradesh | C39: 165281 | D39: 272886 | E39: 438167 | F39: 2407756 | G39: 2641746 | H39: 5049502
A40: 36 | B40: Uttarakhand | C40: 12112 | D40: 19993 | E40: 32105 | F40: 98269 | G40: 117634 | H40: 215903
A41: 37 | B41: West Bengal | C41: 13971 | D41: 17747 | E41: 31718 | F41: 735726 | G41: 841367 | H41: 1577093
A42: All India | C42: =SUM(C5:C41) -> 861161 | D42: =SUM(D5:D41) -> 1328330 | E42: =SUM(E5:E41) -> 2189491 | F42: =SUM(F5:F41) -> 12368433 | G42: =SUM(G5:G41) -> 12987107 | H42: =SUM(H5:H41) -> 25355540

Sheet 11Programme
A1: Table 11. | C1: Programme-wise Enrolment (Based on actual Response) | I1: =C1 -> Programme-wise Enrolment (Based on actual Response)
A2: Sl. No. | B2: Programme | C2: ALL | F2: SCHEDULED CASTE | I2: SCHEDULED TRIBE | L2: OTHER BACKWARD CLASSES
C3: Male | D3: Female | E3: Total | F3: Male | G3: Female | H3: Total | I3: Male | J3: Female | K3: Total | L3: Male | M3: Female | N3: Total
A4: 1 | B4: 2 | C4: 3 | D4: 4 | E4: 5 | F4: 6 | G4: 7 | H4: 8 | I4: 9 | J4: 10 | K4: 11 | L4: 12 | M4: 13 | N4: 14
A5: 1 | B5: Ph.D.-Doctor of Philosophy | C5: 109249 | D5: 89976 | E5: 199225 | F5: 11890 | G5: 7681 | H5: 19571 | I5: 4009 | J5: 3140 | K5: 7149 | L5: 27542 | M5: 21804 | N5: 49346
A6: 2 | B6: Vidya Varidhi-Vidya Varidhi | C6: 634 | D6: 306 | E6: 940 | F6: 59 | G6: 63 | H6: 122 | I6: 6 | J6: 2 | K6: 8 | L6: 100 | M6: 94 | N6: 194
A7: 3 | B7: D.M.-Doctor of Medicine | C7: 621 | D7: 272 | E7: 893 | F7: 0 | G7: 3 | H7: 3 | I7: 1 | J7: 0 | K7: 1 | L7: 54 | M7: 8 | N7: 62
A8: 4 | B8: M.Ch.-Master of Chirurgiae | C8: 460 | D8: 118 | E8: 578 | F8: 11 | G8: 1 | H8: 12 | I8: 1 | J8: 0 | K8: 1 | L8: 43 | M8: 7 | N8: 50
A9: 5 | B9: D.Phil.-Doctor of Philosophy | C9: 240 | D9: 209 | E9: 449 | F9: 29 | G9: 23 | H9: 52 | I9: 4 | J9: 4 | K9: 8 | L9: 96 | M9: 65 | N9: 161
A10: 6 | B10: L.L.D.-Doctor of Laws | C10: 128 | D10: 125 | E10: 253 | F10: 25 | G10: 26 | H10: 51 | I10: 1 | J10: 1 | K10: 2 | L10: 37 | M10: 31 | N10: 68
A11: 7 | B11: Ayurveda Vachaspati-Ph.D in Ayurveda | C11: 67 | D11: 59 | E11: 126 | F11: 3 | G11: 6 | H11: 9 | I11: 5 | J11: 6 | K11: 11 | L11: 19 | M11: 14 | N11: 33
A12: 8 | B12: D.Sc.-Doctor of Science | C12: 40 | D12: 35 | E12: 75 | F12: 4 | G12: 5 | H12: 9 | I12: 2 | J12: 0 | K12: 2 | L12: 4 | M12: 2 | N12: 6
A13: 9 | B13: Vidya Vachaspati-Vidya Vachaspati | C13: 5 | D13: 3 | E13: 8 | F13: 0 | G13: 2 | H13: 2 | I13: 0 | J13: 0 | K13: 0 | L13: 0 | M13: 0 | N13: 0
A14: 10 | B14: D.Mus.-Doctor of Music | C14: 0 | D14: 3 | E14: 3
A15: 12 | B15: M.Phil.-Master of Philosophy | C15: 9043 | D15: 14891 | E15: 23934 | F15: 1522 | G15: 2021 | H15: 3543 | I15: 590 | J15: 636 | K15: 1226 | L15: 2656 | M15: 6439 | N15: 9095
A16: 13 | B16: M.A.-Master of Arts | C16: 603337 | D16: 998712 | E16: 1602049 | F16: 101977 | G16: 147496 | H16: 249473 | I16: 53960 | J16: 72286 | K16: 126246 | L16: 197525 | M16: 333370 | N16: 530895
A17: 14 | B17: M.Sc.-Master of Science | C17: 294081 | D17: 490595 | E17: 784676 | F17: 37047 | G17: 53631 | H17: 90678 | I17: 14791 | J17: 19475 | K17: 34266 | L17: 112771 | M17: 202557 | N17: 315328
A18: 15 | B18: M.B.A.- Master of Business Administration | C18: 350268 | D18: 259528 | E18: 609796 | F18: 35219 | G18: 25702 | H18: 60921 | I18: 6975 | J18: 4513 | K18: 11488 | L18: 116869 | M18: 87524 | N18: 204393
A19: 16 | B19: M.Com.-Master of Commerce | C19: 174866 | D19: 301899 | E19: 476765 | F19: 19285 | G19: 29767 | H19: 49052 | I19: 7359 | J19: 9364 | K19: 16723 | L19: 58609 | M19: 102269 | N19: 160878
A20: 17 | B20: M.C.A. -Master of Computer Applications | C20: 78513 | D20: 65005 | E20: 143518 | F20: 5834 | G20: 5132 | H20: 10966 | I20: 1792 | J20: 1073 | K20: 2865 | L20: 24679 | M20: 22333 | N20: 47012
A21: 18 | B21: M.Tech. -Master of Technology | C21: 91553 | D21: 45498 | E21: 137051 | F21: 10470 | G21: 5450 | H21: 15920 | I21: 3044 | J21: 1250 | K21: 4294 | L21: 26821 | M21: 14106 | N21: 40927
A22: 19 | B22: M.D.-Doctor of Medicine | C22: 33516 | D22: 30136 | E22: 63652 | F22: 2195 | G22: 2337 | H22: 4532 | I22: 958 | J22: 989 | K22: 1947 | L22: 5194 | M22: 6024 | N22: 11218
A23: 20 | B23: M.S.W.-Master of Social Work | C23: 24480 | D23: 28991 | E23: 53471 | F23: 6175 | G23: 5770 | H23: 11945 | I23: 4125 | J23: 4346 | K23: 8471 | L23: 7253 | M23: 8594 | N23: 15847
A24: 21 | B24: M.Ed. -Master of Education | C24: 18015 | D24: 32866 | E24: 50881 | F24: 5263 | G24: 6829 | H24: 12092 | I24: 1304 | J24: 2476 | K24: 3780 | L24: 5146 | M24: 8697 | N24: 13843
A25: 22 | B25: M.Pharm. -Master of Pharmacy | C25: 15801 | D25: 19056 | E25: 34857 | F25: 1953 | G25: 2598 | H25: 4551 | I25: 554 | J25: 594 | K25: 1148 | L25: 5676 | M25: 6459 | N25: 12135
A26: 23 | B26: M.E.-Master of Engineering | C26: 20046 | D26: 13596 | E26: 33642 | F26: 2557 | G26: 1933 | H26: 4490 | I26: 569 | J26: 252 | K26: 821 | L26: 7287 | M26: 6103 | N26: 13390
... A199: 196 | B199: B.Com. B.Ed.-Bachelor of Commerce, Bachelor of Education | C199: 1 | D199: 60 | E199: 61 | F199: 0 | G199: 1 | H199: 1 | I199: 0 | J199: 0 | K199: 0 | L199: 0 | M199: 5 | N199: 5
A200: AII India | C200: =SUM(C5:C199) -> 19111338 | D200: =SUM(D5:D199) -> 18254609 | E200: =SUM(E5:E199) -> 37365947 | F200: =SUM(F5:F199) -> 2748708 | G200: =SUM(G5:G199) -> 2675964 | H200: =SUM(H5:H199) -> 5424672 | I200: =SUM(I5:I199) -> 1058214 | J200: =SUM(J5:J199) -> 1067293 | ... N200: =SUM(N5:N199) -> 13784529

Sheet 11aProgrammeDistance 
A1: Table 11(a). | C1: Programme-wise Enrolment - Distance Mode (Based on actual Response) | I1: =C1 -> Programme-wise Enrolment - Distance Mode (Based on actual Response)
A2: Sl. No. | B2: Programme | C2: All | F2: Scheduled Caste | I2: Scheduled Tribe | L2: Other Backward Classes
C3: Male | D3: Female | E3: Total | F3: Male | G3: Female | H3: Total | I3: Male | J3: Female | K3: Total | L3: Male | M3: Female | N3: Total
A4: 1 | B4: 2 | C4: 3 | D4: 4 | E4: 5 | F4: 6 | G4: 7 | H4: 8 | I4: 9 | J4: 10 | K4: 11 | L4: 12 | M4: 13 | N4: 14
A5: 1 | B5: Ph.D.-Doctor of Philosophy | C5: 44 | D5: 57 | E5: 101 | F5: 0 | G5: 0 | H5: 0 | I5: 10 | J5: 11 | K5: 21 | L5: 0 | M5: 0 | N5: 0
A6: 2 | B6: M.A.-Master of Arts | C6: 272268 | D6: 383886 | E6: 656154 | F6: 35631 | G6: 44128 | H6: 79759 | I6: 17951 | J6: 21345 | K6: 39296 | L6: 83789 | M6: 105051 | N6: 188840
A7: 3 | B7: M.B.A.- Master of Business Administration | C7: 94334 | D7: 61003 | E7: 155337 | F7: 4845 | G7: 3191 | H7: 8036 | I7: 983 | J7: 497 | K7: 1480 | L7: 27807 | M7: 20149 | N7: 47956
A8: 4 | B8: M.Com.-Master of Commerce | C8: 59166 | D8: 85118 | E8: 144284 | F8: 4340 | G8: 6286 | H8: 10626 | I8: 1513 | J8: 1694 | K8: 3207 | L8: 17116 | M8: 23537 | N8: 40653
A9: 5 | B9: M.Sc.-Master of Science | C9: 49050 | D9: 60409 | E9: 109459 | F9: 5514 | G9: 5185 | H9: 10699 | I9: 2095 | J9: 1506 | K9: 3601 | L9: 19391 | M9: 24321 | N9: 43712
A10: 6 | B10: M.C.A. -Master of Computer Applications | C10: 17071 | D10: 12066 | E10: 29137 | F10: 955 | G10: 537 | H10: 1492 | I10: 318 | J10: 134 | K10: 452 | L10: 3280 | M10: 2520 | N10: 5800
A11: 7 | B11: M.S.W.-Master of Social Work | C11: 6099 | D11: 8201 | E11: 14300 | F11: 827 | G11: 991 | H11: 1818 | I11: 308 | J11: 426 | K11: 734 | L11: 1814 | M11: 1958 | N11: 3772
A12: 8 | B12: M.L.I.Sc.-Master of Library & Information Science | C12: 1536 | D12: 2007 | E12: 3543 | F12: 265 | G12: 242 | H12: 507 | I12: 64 | J12: 82 | K12: 146 | L12: 511 | M12: 579 | N12: 1090
A13: 9 | B13: M.S.-Master of Science | C13: 1031 | D13: 659 | E13: 1690 | F13: 88 | G13: 40 | H13: 128 | I13: 18 | J13: 7 | K13: 25 | L13: 394 | M13: 223 | N13: 617
A14: 10 | B14: M.Lib.Sc. -Master of Library Science | C14: 784 | D14: 846 | E14: 1630 | F14: 130 | G14: 105 | H14: 235 | I14: 42 | J14: 36 | K14: 78 | L14: 365 | M14: 386 | N14: 751
A15: 11 | B15: M.J.M.C.-Master of Journalism and Mass Communication | C15: 838 | D15: 635 | E15: 1473 | F15: 115 | G15: 46 | H15: 161 | I15: 0 | J15: 0 | K15: 0 | L15: 110 | M15: 36 | N15: 146
A16: 12 | B16: Acharya-Acharya | C16: 585 | D16: 720 | E16: 1305 | F16: 32 | G16: 58 | H16: 90 | I16: 13 | J16: 12 | K16: 25 | L16: 115 | M16: 167 | N16: 282
... A21: 17 | B21: M.H.R.D. -Master of Human Resource Development | C21: 151 | D21: 104 | E21: 255 | F21: 20 | G21: 7 | H21: 27 | I21: 2 | J21: 3 | K21: 5 | L21: 50 | M21: 36 | N21: 86
A22: 18 | B22: P.G.P.-Post-Graduate Programme in Management | C22: 101 | D22: 10 | E22: 111
A23: 19 | B23: M.P.A.-Master of Performing Arts | C23: 7 | D23: 9 | E23: 16 | F23: 0 | G23: 1 | H23: 1 | I23: 0 | J23: 1 | K23: 1 | L23: 1 | M23: 0 | N23: 1
A24: 20 | B24: M.P.H. -Master of Public Health | C24: 3 | D24: 0 | E24: 3 | F24: 0 | G24: 0 | H24: 0 | I24: 0 | J24: 0 | K24: 0 | L24: 3 | M24: 0 | N24: 3
A25: 21 | B25: B.A.-Bachelor of Arts | C25: 1113653 | D25: 777267 | E25: 1890920 | F25: 152463 | G25: 105091 | H25: 257554 | I25: 64672 | J25: 48999 | K25: 113671 | L25: 318940 | M25: 201145 | N25: 520085
A26: 22 | B26: B.Com.-Bachelor of Commerce | C26: 303732 | D26: 192512 | E26: 496244 | F26: 26414 | G26: 15849 | H26: 42263 | I26: 5470 | J26: 3185 | K26: 8655 | L26: 82952 | M26: 50937 | N26: 133889
A27: 23 | B27: B.Sc.-Bachelor of Science | C27: 163070 | D27: 88419 | E27: 251489 | F27: 17389 | G27: 10131 | H27: 27520 | I27: 7409 | J27: 4982 | K27: 12391 | L27: 58477 | M27: 32678 | N27: 91155
A28: 24 | B28: B.C.A.-Bachelor of Computer Applications | C28: 43515 | D28: 14392 | E28: 57907 | F28: 6417 | G28: 2025 | H28: 8442 | I28: 1492 | J28: 731 | K28: 2223 | L28: 9370 | M28: 3415 | N28: 12785
A29: 25 | B29: B.Ed.-Bachelor of Education | C29: 28430 | D29: 26056 | E29: 54486 | F29: 2278 | G29: 2058 | H29: 4336 | I29: 2594 | J29: 2296 | K29: 4890 | L29: 6017 | M29: 8264 | N29: 14281
A30: 26 | B30: B.B.A.-Bachelor of Business Administration | C30: 37466 | D30: 15329 | E30: 52795 | F30: 1749 | G30: 896 | H30: 2645 | I30: 335 | J30: 195 | K30: 530 | L30: 12945 | M30: 4610 | N30: 17555
A31: 27 | B31: B.A.(Hons)-Bachelor of Arts (Honors) | C31: 24173 | D31: 23309 | E31: 47482 | F31: 3933 | G31: 3585 | H31: 7518 | I31: 647 | J31: 366 | K31: 1013 | L31: 6355 | M31: 3490 | N31: 9845
A32: 28 | B32: B.Lib.I.Sc.-Bachelor of Library & Information Science | C32: 11804 | D32: 11800 | E32: 23604 | F32: 1510 | G32: 1310 | H32: 2820 | I32: 828 | J32: 764 | K32: 1592 | L32: 4292 | M32: 3756 | N32: 8048
A33: 29 | B33: B.Litt.-Bachelor of Literature | C33: 7288 | D33: 14510 | E33: 21798 | F33: 1609 | G33: 3134 | H33: 4743 | I33: 130 | J33: 134 | K33: 264 | L33: 4775 | M33: 9410 | N33: 14185
A34: 30 | B34: B.S.W.-Bachelor of Social Work | C34: 3895 | D34: 3891 | E34: 7786 | F34: 864 | G34: 852 | H34: 1716 | I34: 472 | J34: 439 | K34: 911 | L34: 685 | M34: 504 | N34: 1189
... A60: 56 | B60: Integrated M.C.A.-Integrated Master of Computer Applications | C60: 4 | D60: 4 | E60: 8 | F60: 0 | G60: 0 | H60: 0 | I60: 0 | J60: 0 | K60: 0 | L60: 2 | M60: 0 | N60: 2
A61: All India | C61: =SUM(C5:C60) -> 2378953 | D61: =SUM(D5:D60) -> 1904464 | E61: =SUM(E5:E60) -> 4283417 | F61: =SUM(F5:F60) -> 284989 | G61: =SUM(G5:G60) -> 220444 | H61: =SUM(H5:H60) -> 505433 | I61: =SUM(I5:I60) -> 118737 | J61: =SUM(J5:J60) -> 99302 | ... N61: =SUM(N5:N60) -> 1246329

Sheet 12UGDisc 
A1: Table 12. Enrolment at Under Graduate Level in Major Disciplines/ Subjects (Based on actual Response)
A2: Discipline | C2: Male | D2: Female | E2: Total
A3: 1 | B3: 2 | C3: 3 | D3: 4 | E3: 5
A4: Arts | C4: 4547708 | D4: 5107878 | E4: 9655586
A5: Science | C5: 2295673 | D5: 2459711 | E5: 4755384 | F5: =E5+E24 -> 8482569
A6: Commerce | C6: 2132311 | D6: 2030817 | E6: 4163128
A7: Engineering & Technology | B7: Computer Engineering | C7: 578877 | D7: 356393 | E7: 935270
B8: Mechanical Engineering | C8: 644707 | D8: 40219 | E8: 684926
B9: Electronics Engineering | C9: 356509 | D9: 254933 | E9: 611442
B10: Civil Engineering | C10: 375134 | D10: 109033 | E10: 484167
B11: Electrical Engineering | C11: 271455 | D11: 101845 | E11: 373300
B12: Other Engineering & Technology | C12: 150576 | D12: 69344 | E12: 219920
B13: Information Technology | C13: 122048 | D13: 78655 | E13: 200703
B14: Architecture | C14: 39725 | D14: 43971 | E14: 83696
B15: Chemical Engineering | C15: 40085 | D15: 12110 | E15: 52195
B16: Agriculture Engineering | C16: 14652 | D16: 8009 | E16: 22661
B17: Aeronautical Engineering | C17: 14284 | D17: 4410 | E17: 18694
B18: Food Technology | C18: 7787 | D18: 5750 | E18: 13537
B19: Metallurgical Engineering | C19: 7694 | D19: 2263 | E19: 9957
... B23: Planning | C23: 485 | D23: 523 | E23: 1008
A24: Engineering & Technology Total | C24: 2638085 | D24: 1089100 | E24: 3727185
A25: Education | C25: 580307 | D25: 1046458 | E25: 1626765
A26: Medical Science | B26: Nursing | C26: 72139 | D26: 247399 | E26: 319538
B27: Pharmacy | C27: 179944 | D27: 131416 | E27: 311360
B28: General Medicine | C28: 144448 | D28: 143328 | E28: 287776
B29: Dentistry | C29: 27405 | D29: 72924 | E29: 100329
B30: Ayurveda | C30: 36914 | D30: 51311 | E30: 88225
B31: Physiotherapy | C31: 25838 | D31: 51812 | E31: 77650
B32: Medical Science | C32: 24347 | D32: 46996 | E32: 71343
B33: Homeopathy | C33: 21765 | D33: 35290 | E33: 57055
B34: Unani | C34: 4316 | D34: 4872 | E34: 9188
B35: Ophthalmology | C35: 2798 | D35: 4667 | E35: 7465
B36: Other Medical Science | C36: 1816 | D36: 2948 | E36: 4764
B37: Occupational Therapy | C37: 1382 | D37: 2720 | E37: 4102
B38: Hospital Administration | C38: 1543 | D38: 2428 | E38: 3971
... B42: Indian Medicine | C42: 27 | D42: 43 | E42: 70
A43: Medical Science Total | C43: 547516 | D43: 804602 | E43: 1352118
A44: Social Science | C44: 468002 | D44: 516038 | E44: 984040
A45: IT & Computer | C45: 459381 | D45: 307865 | E45: 767246
A46: Management | C46: 446139 | D46: 267273 | E46: 713412
A47: Law | C47: 287246 | D47: 145698 | E47: 432944
A48: Indian Language | C48: 116632 | D48: 207696 | E48: 324328
A49: Agriculture | C49: 191514 | D49: 78309 | E49: 269823
A50: Foreign Language | C50: 71352 | D50: 89881 | E50: 161233
A51: Home Science | C51: 9755 | D51: 67281 | E51: 77036
A52: Oriental Learning | C52: 37223 | D52: 28218 | E52: 65441
A53: Area Studies | C53: 31110 | D53: 33716 | E53: 64826
A54: Social Work | C54: 27309 | D54: 29809 | E54: 57118
... A74: Grand Total | C74: 15059915 | D74: 14485138 | E74: 29545053

Sheet 13PGDisc
A1: Table 13. Enrolment at Ph.D., M.Phil. & Post Graduate Level in Major Disciplines/ Subjects (Based on actual Response)
A2: Discipline | C2: Ph.D. | F2: M.Phil. | I2: Post Graduate
C3: Male | D3: Female | E3: Total | F3: Male | G3: Female | H3: Total | I3: Male | J3: Female | K3: Total
A4: 1 | B4: 2 | C4: 3 | D4: 4 | E4: 5 | F4: 6 | G4: 7 | H4: 8 | I4: 9 | J4: 10 | K4: 11
A5: Agriculture | B5: Agriculture | C5: 3543 | D5: 2782 | E5: 6325 | F5: 10 | G5: 14 | H5: 24 | I5: 15518 | J5: 9435 | K5: 24953
B6: Horticulture | C6: 327 | D6: 401 | E6: 728 | F6: 5 | G6: 5 | H6: 10 | I6: 2662 | J6: 1619 | K6: 4281
B7: Forestry | C7: 121 | D7: 97 | E7: 218 | F7: 3 | G7: 4 | H7: 7 | I7: 497 | J7: 404 | K7: 901
B8: Sericulture | C8: 10 | D8: 11 | E8: 21 | F8: 0 | G8: 0 | H8: 0 | I8: 33 | J8: 54 | K8: 87
A9: Agriculture Total | C9: 4001 | D9: 3291 | E9: 7292 | F9: 18 | G9: 23 | H9: 41 | I9: 18710 | J9: 11512 | K9: 30222
A10: Area Studies | C10: 2277 | D10: 2749 | E10: 5026 | F10: 356 | G10: 480 | H10: 836 | I10: 46138 | J10: 77236 | K10: 123374
A11: Commerce | B11: Commerce | C11: 2854 | D11: 3690 | E11: 6544 | F11: 561 | G11: 1221 | H11: 1782 | I11: 174866 | J11: 301899 | K11: 476765
B12: Foreign Trade | F12: 0 | G12: 3 | H12: 3 | I12: 50 | J12: 10 | K12: 60
A13: Commerce Total | C13: 2854 | D13: 3690 | E13: 6544 | F13: 561 | G13: 1224 | H13: 1785 | I13: 174916 | J13: 301909 | K13: 476825
A14: Criminology & Forensic Science | C14: 46 | D14: 44 | E14: 90 | F14: 0 | G14: 1 | H14: 1 | I14: 360 | J14: 354 | K14: 714
A15: Cultural Studies | C15: 232 | D15: 290 | E15: 522 | F15: 76 | G15: 108 | H15: 184 | I15: 5090 | J15: 10122 | K15: 15212
A16: Defence Studies | C16: 99 | D16: 29 | E16: 128 | F16: 133 | G16: 9 | H16: 142 | I16: 2026 | J16: 855 | K16: 2881
A17: Design | B17: Design | C17: 177 | D17: 127 | E17: 304 | F17: 0 | G17: 1 | H17: 1 | I17: 1524 | J17: 1600 | K17: 3124
B18: Interior Design | C18: 2 | D18: 3 | E18: 5 | I18: 185 | J18: 577 | K18: 762
A19: Design Total | C19: 179 | D19: 130 | E19: 309 | F19: 0 | G19: 1 | H19: 1 | I19: 1709 | J19: 2177 | K19: 3886
A20: Disability Studies | C20: 0 | D20: 17 | E20: 17 | F20: 6 | G20: 12 | H20: 18 | I20: 8 | J20: 72 | K20: 80
A21: Education | C21: 3038 | D21: 3780 | E21: 6818 | F21: 455 | G21: 655 | H21: 1110 | I21: 74208 | J21: 136883 | K21: 211091
A22: Engineering & Technology | B22: Civil Engineering | C22: 3772 | D22: 1456 | E22: 5228 | F22: 2 | G22: 0 | H22: 2 | I22: 25425 | J22: 10569 | K22: 35994
B23: Computer Engineering | C23: 4436 | D23: 3246 | E23: 7682 | I23: 13756 | J23: 15309 | K23: 29065
B24: Mechanical Engineering | C24: 6124 | D24: 590 | E24: 6714 | I24: 25064 | J24: 2822 | K24: 27886
B25: Electronics Engineering | C25: 3526 | D25: 2148 | E25: 5674 | I25: 11640 | J25: 12588 | K25: 24228
B26: Other Engineering & Technology | C26: 10575 | D26: 5961 | E26: 16536 | F26: 1 | G26: 5 | H26: 6 | I26: 16024 | J26: 7707 | K26: 23731
B27: Electrical Engineering | C27: 3835 | D27: 1474 | E27: 5309 | F27: 0 | G27: 1 | H27: 1 | I27: 13320 | J27: 6608 | K27: 19928
B28: Architecture | C28: 239 | D28: 294 | E28: 533 | I28: 1458 | J28: 2035 | K28: 3493
B29: Chemical Engineering | C29: 1053 | D29: 602 | E29: 1655 | I29: 1913 | J29: 1069 | K29: 2982
B30: Information Technology | C30: 260 | D30: 177 | E30: 437 | F30: 0 | G30: 0 | H30: 0 | I30: 1357 | J30: 1355 | K30: 2712
B31: Metallurgical Engineering | C31: 823 | D31: 230 | E31: 1053 | I31: 1254 | J31: 230 | K31: 1484
B32: Planning | C32: 24 | D32: 31 | E32: 55 | I32: 670 | J32: 776 | K32: 1446
B33: Agriculture Engineering | C33: 233 | D33: 109 | E33: 342 | I33: 933 | J33: 478 | K33: 1411
B34: Food Technology | C34: 134 | D34: 168 | E34: 302 | I34: 498 | J34: 547 | K34: 1045
B35: Aeronautical Engineering | C35: 487 | D35: 75 | E35: 562 | I35: 741 | J35: 129 | K35: 870
B36: Marine Engineering | C36: 159 | D36: 42 | E36: 201 | I36: 346 | J36: 53 | K36: 399
B37: Mining Engineering | C37: 159 | D37: 16 | E37: 175 | I37: 308 | J37: 20 | K37: 328
B38: Urban Planning | I38: 111 | J38: 59 | K38: 170
B39: Dairy Technology | C39: 11 | D39: 9 | E39: 20 | I39: 86 | J39: 46 | K39: 132
B40: Transportation Planning | I40: 30 | J40: 15 | K40: 45
A41: Engineering & Technology Total | C41: 35850 | D41: 16628 | E41: 52478 | F41: 3 | G41: 6 | H41: 9 | I41: 114934 | J41: 62415 | K41: 177349 | L41: =E41+H41+K41 -> 229836
A42: Fashion Technology | C42: 7 | D42: 32 | E42: 39 | F42: 0 | G42: 4 | H42: 4 | I42: 279 | J42: 2030 | K42: 2309 | L42: =E184+H184+K184 -> 711386
A43: Fine Arts | B43: Fine Arts | C43: 153 | D43: 206 | E43: 359 | F43: 69 | G43: 91 | H43: 160 | I43: 1290 | J43: 1726 | K43: 3016 | L43: =SUM(L41:L42) -> 941222
B44: Visual Arts | C44: 54 | D44: 48 | E44: 102 | F44: 8 | G44: 16 | H44: 24 | I44: 735 | J44: 822 | K44: 1557 | L44: =L43+'12UGDisc '!F5 -> 9423791
B45: Performing Arts | C45: 76 | D45: 79 | E45: 155 | F45: 12 | G45: 15 | H45: 27 | I45: 668 | J45: 741 | K45: 1409
B46: Music | C46: 70 | D46: 139 | E46: 209 | F46: 4 | G46: 16 | H46: 20 | I46: 471 | J46: 730 | K46: 1201
A47: Fine Arts Total | C47: 353 | D47: 472 | E47: 825 | F47: 93 | G47: 138 | H47: 231 | I47: 3164 | J47: 4019 | K47: 7183
A48: Fisheries Science | C48: 178 | D48: 137 | E48: 315 | F48: 0 | G48: 0 | H48: 0 | I48: 765 | J48: 626 | K48: 1391
A49: Footwear Design | B49: CAD | I49: 162 | J49: 157 | K49: 319
B50: Creative Designing CAD/CAM | I50: 32 | J50: 9 | K50: 41
B51: Footwear Design & Production | I51: 21 | J51: 20 | K51: 41
B52: Retail & Fashion Merchandize | I52: 24 | J52: 10 | K52: 34
A53: Footwear Design Total | I53: 239 | J53: 196 | K53: 435
A54: Foreign Language | B54: English | C54: 1425 | D54: 2643 | E54: 4068 | F54: 423 | G54: 1540 | H54: 1963 | I54: 62190 | J54: 135441 | K54: 197631
B55: Other Foreign Languages | C55: 589 | D55: 180 | E55: 769 | F55: 94 | G55: 33 | H55: 127 | I55: 3231 | J55: 2051 | K55: 5282
B56: French | C56: 34 | D56: 69 | E56: 103 | F56: 1 | G56: 1 | H56: 2 | I56: 145 | J56: 312 | K56: 457
B57: German | C57: 13 | D57: 18 | E57: 31 | F57: 0 | G57: 0 | H57: 0 | I57: 48 | J57: 110 | K57: 158
B58: Spanish | C58: 31 | D58: 21 | E58: 52 | F58: 0 | G58: 0 | H58: 0 | I58: 49 | J58: 56 | K58: 105
A59: Foreign Language Total | C59: 2092 | D59: 2931 | E59: 5023 | F59: 518 | G59: 1574 | H59: 2092 | I59: 65663 | J59: 137970 | K59: 203633
A60: Gandhian Studies | C60: 24 | D60: 11 | E60: 35 | F60: 37 | G60: 41 | H60: 78 | I60: 343 | J60: 410 | K60: 753
A61: Home Science | B61: Home Science | C61: 50 | D61: 987 | E61: 1037 | F61: 4 | G61: 41 | H61: 45 | I61: 2171 | J61: 9198 | K61: 11369
B62: Nutrition | C62: 7 | D62: 47 | E62: 54 | F62: 0 | G62: 3 | H62: 3 | I62: 196 | J62: 2236 | K62: 2432
B63: Food Technology | C63: 4 | D63: 14 | E63: 18 | F63: 0 | G63: 0 | H63: 0 | I63: 320 | J63: 1058 | K63: 1378
A64: Home Science Total | C64: 61 | D64: 1048 | E64: 1109 | F64: 4 | G64: 44 | H64: 48 | I64: 2687 | J64: 12492 | K64: 15179
A65: Hospitality and Tourism | I65: 512 | J65: 303 | K65: 815
A66: Indian Language | B66: Hindi | C66: 1478 | D66: 1672 | E66: 3150 | F66: 179 | G66: 388 | H66: 567 | I66: 41125 | J66: 91301 | K66: 132426
B67: Other Indian Languages | C67: 494 | D67: 485 | E67: 979 | F67: 148 | G67: 221 | H67: 369 | I67: 19995 | J67: 32249 | K67: 52244
B68: Sanskrit | C68: 620 | D68: 535 | E68: 1155 | F68: 187 | G68: 155 | H68: 342 | I68: 7411 | J68: 15308 | K68: 22719
B69: Bengali | C69: 287 | D69: 201 | E69: 488 | F69: 151 | G69: 97 | H69: 248 | I69: 5108 | J69: 16025 | K69: 21133
B70: Urdu | C70: 431 | D70: 217 | E70: 648 | F70: 84 | G70: 39 | H70: 123 | I70: 6755 | J70: 12797 | K70: 19552
B71: Tamil | C71: 386 | D71: 621 | E71: 1007 | F71: 166 | G71: 659 | H71: 825 | I71: 4787 | J71: 13878 | K71: 18665
B72: Telugu | C72: 228 | D72: 110 | E72: 338 | F72: 31 | G72: 18 | H72: 49 | I72: 4094 | J72: 7141 | K72: 11235
B73: Odiya | C73: 14 | D73: 38 | E73: 52 | F73: 41 | G73: 47 | H73: 88 | I73: 2353 | J73: 4881 | K73: 7234
B74: Kannada | C74: 211 | D74: 125 | E74: 336 | F74: 7 | G74: 6 | H74: 13 | I74: 2863 | J74: 3905 | K74: 6768
B75: Punjabi | C75: 337 | D75: 331 | E75: 668 | F75: 88 | G75: 99 | H75: 187 | I75: 1784 | J75: 4631 | K75: 6415
B76: Malayalam | C76: 100 | D76: 174 | E76: 274 | F76: 11 | G76: 31 | H76: 42 | I76: 824 | J76: 2359 | K76: 3183
A77: Indian Language Total | C77: 4586 | D77: 4509 | E77: 9095 | F77: 1093 | G77: 1760 | H77: 2853 | I77: 97099 | J77: 204475 | K77: 301574
A78: IT & Computer | B78: Computer Application | C78: 423 | D78: 430 | E78: 853 | F78: 28 | G78: 45 | H78: 73 | I78: 81315 | J78: 68179 | K78: 149494
B79: Computer Science | C79: 1036 | D79: 1335 | E79: 2371 | F79: 122 | G79: 467 | H79: 589 | I79: 13387 | J79: 22793 | K79: 36180
B80: Information Technology | C80: 170 | D80: 118 | E80: 288 | F80: 3 | G80: 3 | H80: 6 | I80: 6161 | J80: 5332 | K80: 11493
B81: Animation | I81: 106 | J81: 87 | K81: 193
B82: Multi Media | I82: 17 | J82: 18 | K82: 35
A83: IT & Computer Total | C83: 1629 | D83: 1883 | E83: 3512 | F83: 153 | G83: 515 | H83: 668 | I83: 100986 | J83: 96409 | K83: 197395
A84: Journalism & Mass Communication | C84: 540 | D84: 453 | E84: 993 | F84: 88 | G84: 71 | H84: 159 | I84: 9907 | J84: 9136 | K84: 19043
A85: Law | B85: Law | C85: 1595 | D85: 1539 | E85: 3134 | F85: 35 | G85: 46 | H85: 81 | I85: 14509 | J85: 12082 | K85: 26591
B86: Constitutional Law | F86: 162 | G86: 70 | H86: 232 | I86: 391 | J86: 261 | K86: 652
B87: International Law | I87: 130 | J87: 103 | K87: 233
B88: Cyber Crime | I88: 60 | J88: 31 | K88: 91
B89: Civil Law | I89: 6 | J89: 4 | K89: 10
A90: Law Total | C90: 1595 | D90: 1539 | E90: 3134 | F90: 197 | G90: 116 | H90: 313 | I90: 15096 | J90: 12481 | K90: 27577
A91: Library & Information Science | C91: 498 | D91: 347 | E91: 845 | F91: 99 | G91: 91 | H91: 190 | I91: 5656 | J91: 6399 | K91: 12055
A92: Linguistics | C92: 349 | D92: 388 | E92: 737 | F92: 96 | G92: 154 | H92: 250 | I92: 24 | J92: 146 | K92: 170
A93: Management | B93: Business Administration | C93: 1792 | D93: 1665 | E93: 3457 | F93: 70 | G93: 79 | H93: 149 | I93: 351833 | J93: 260652 | K93: 612485
B94: Business Management | C94: 1951 | D94: 1874 | E94: 3825 | F94: 86 | G94: 124 | H94: 210 | I94: 12776 | J94: 7831 | K94: 20607
B95: Other Management | C95: 1397 | D95: 983 | E95: 2380 | F95: 19 | G95: 18 | H95: 37 | I95: 3937 | J95: 2663 | K95: 6600
B96: Technology | I96: 2868 | J96: 1376 | K96: 4244
B97: Hospital Administration | C97: 2 | D97: 5 | E97: 7 | F97: 0 | G97: 0 | H97: 0 | I97: 1385 | J97: 1926 | K97: 3311
B98: Financial Management | C98: 87 | D98: 89 | E98: 176 | F98: 1 | G98: 6 | H98: 7 | I98: 1559 | J98: 1180 | K98: 2739
B99: Human Resource Management | C99: 40 | D99: 60 | E99: 100 | F99: 17 | G99: 17 | H99: 34 | I99: 878 | J99: 1237 | K99: 2115
B100: Marketing Management | C100: 419 | D100: 407 | E100: 826 | F100: 8 | G100: 12 | H100: 20 | I100: 1139 | J100: 538 | K100: 1677
...

Sheet 14TotalEnrCategory
B1: Table | C1: 14.State-wise Estimated Enrolment for different Social Groups | O1: 15. State-wise Estimated Enrolment in PWD and Minority Communities
A2: Sl. No. | B2: State/UTs | C2: All | F2: Scheduled Caste | I2: Scheduled Tribe | L2: Other Backward Classes | O2: Persons with Disability | R2: Muslim | U2: Other Minority Communities
C3: Male | D3: Female | E3: Total | F3: Male | G3: Female | H3: Total | I3: Male | J3: Female | K3: Total | L3: Male | M3: Female | N3: Total | O3: Male | P3: Female | Q3: Total | R3: Male | S3: Female | T3: Total | U3: Male | V3: Female | W3: Total
A4: 1 | B4: 2 | C4: 3 | D4: 4 | E4: 5 | F4: 6 | G4: 7 | H4: 8 | I4: 9 | J4: 10 | K4: 11 | L4: 12 | M4: 13 | N4: 14 | O4: 3 | P4: 4 | Q4: 5 | R4: 6 | S4: 7 | T4: 8 | U4: 9 | V4: 10 | W4: 11
A5: 1 | B5: Andaman and Nicobar Islands | C5: 4532 | D5: 5599 | E5: 10131 | F5: 42 | G5: 11 | H5: 53 | I5: 151 | J5: 286 | K5: 437 | L5: 1122 | M5: 1539 | N5: 2661 | O5: 18 | P5: 44 | Q5: 62 | R5: 166 | S5: 304 | T5: 470 | U5: 293 | V5: 645 | W5: 938
A6: 2 | B6: Andhra Pradesh | C6: 1021126 | D6: 876023 | E6: 1897149 | F6: 167358 | G6: 149215 | H6: 316573 | I6: 47292 | J6: 40939 | K6: 88231 | L6: 464389 | M6: 373065 | N6: 837454 | O6: 1683 | P6: 982 | Q6: 2665 | R6: 34050 | S6: 27245 | T6: 61295 | U6: 3884 | V6: 3745 | W6: 7629
A7: 3 | B7: Arunachal Pradesh | C7: 28801 | D7: 27015 | E7: 55816 | F7: 750 | G7: 729 | H7: 1479 | I7: 19078 | J7: 19264 | K7: 38342 | L7: 1141 | M7: 772 | N7: 1913 | O7: 9 | P7: 5 | Q7: 14 | R7: 91 | S7: 59 | T7: 150 | U7: 2519 | V7: 2250 | W7: 4769
A8: 4 | B8: Assam | C8: 316908 | D8: 333693 | E8: 650601 | F8: 27642 | G8: 26519 | H8: 54161 | I8: 50251 | J8: 55109 | K8: 105360 | L8: 83549 | M8: 93431 | N8: 176980 | O8: 511 | P8: 301 | Q8: 812 | R8: 47608 | S8: 45745 | T8: 93353 | U8: 6796 | V8: 7109 | W8: 13905
A9: 5 | B9: Bihar | C9: 969902 | D9: 768530 | E9: 1738432 | F9: 123647 | G9: 74568 | H9: 198215 | I9: 17236 | J9: 13286 | K9: 30522 | L9: 458383 | M9: 356262 | N9: 814645 | O9: 1879 | P9: 737 | Q9: 2616 | R9: 83382 | S9: 80567 | T9: 163949 | U9: 1111 | V9: 840 | W9: 1951
A10: 6 | B10: Chandigarh | C10: 53170 | D10: 53497 | E10: 106667 | F10: 6827 | G10: 6037 | H10: 12864 | I10: 961 | J10: 829 | K10: 1790 | L10: 3837 | M10: 2373 | N10: 6210 | O10: 245 | P10: 86 | Q10: 331 | R10: 414 | S10: 273 | T10: 687 | U10: 2140 | V10: 2582 | W10: 4722
A11: 7 | B11: Chhattisgarh | C11: 272813 | D11: 313582 | E11: 586395 | F11: 37575 | G11: 40055 | H11: 77630 | I11: 46084 | J11: 62803 | K11: 108887 | L11: 121781 | M11: 136814 | N11: 258595 | O11: 353 | P11: 171 | Q11: 524 | R11: 2427 | S11: 2957 | T11: 5384 | U11: 2134 | V11: 3465 | W11: 5599
A12: 8 | B12: Dadra and Nagar Haveli | C12: 3130 | D12: 3263 | E12: 6393 | F12: 107 | G12: 98 | H12: 205 | I12: 587 | J12: 735 | K12: 1322 | L12: 271 | M12: 317 | N12: 588 | O12: 13 | P12: 9 | Q12: 22 | R12: 38 | S12: 39 | T12: 77 | U12: 7 | V12: 275 | W12: 282
A13: 9 | B13: Daman and Diu | C13: 2190 | D13: 1742 | E13: 3932 | F13: 94 | G13: 135 | H13: 229 | I13: 134 | J13: 263 | K13: 397 | L13: 680 | M13: 626 | N13: 1306 | O13: 2 | P13: 1 | Q13: 3 | R13: 91 | S13: 63 | T13: 154 | U13: 5 | V13: 27 | W13: 32
A14: 10 | B14: Delhi | C14: 578747 | D14: 554109 | E14: 1132856 | F14: 80990 | G14: 81296 | H14: 162286 | I14: 8315 | J14: 7314 | K14: 15629 | L14: 108206 | M14: 81721 | N14: 189927 | O14: 4850 | P14: 3412 | Q14: 8262 | R14: 16168 | S14: 10307 | T14: 26475 | U14: 6191 | V14: 7797 | W14: 13988
A15: 11 | B15: Goa | C15: 25055 | D15: 27727 | E15: 52782 | F15: 555 | G15: 540 | H15: 1095 | I15: 1850 | J15: 2652 | K15: 4502 | L15: 4089 | M15: 5499 | N15: 9588 | O15: 33 | P15: 26 | Q15: 59 | R15: 1291 | S15: 1443 | T15: 2734 | U15: 3412 | V15: 5446 | W15: 8858
A16: 12 | B16: Gujarat | C16: 864967 | D16: 679873 | E16: 1544840 | F16: 78255 | G16: 63324 | H16: 141579 | I16: 79347 | J16: 81512 | K16: 160859 | L16: 283069 | M16: 203627 | N16: 486696 | O16: 1207 | P16: 1130 | Q16: 2337 | R16: 24664 | S16: 19350 | T16: 44014 | U16: 6049 | V16: 5647 | W16: 11696
... A41: 37 | B41: West Bengal | C41: 1069629 | D41: 1091264 | E41: 2160893 | F41: 198506 | G41: 198374 | H41: 396880 | I41: 35684 | J41: 36549 | K41: 72233 | L41: 169795 | M41: 168978 | N41: 338773 | O41: 2408 | P41: 1181 | Q41: 3589 | R41: 111879 | S41: 123454 | T41: 235333 | U41: 5575 | V41: 10201 | W41: 15776
A42: All India | C42: =SUM(C5:C41) -> 19643747 | D42: =SUM(D5:D41) -> 18892612 | E42: =SUM(E5:E41) -> 38536359 | F42: =SUM(F5:F41) -> 2854313 | G42: =SUM(G5:G41) -> 2803359 | H42: =SUM(H5:H41) -> 5657672 | I42: =SUM(I5:I41) -> 1072646 | J42: =SUM(J5:J41) -> 1083463 | ... W42: =SUM(W5:W41) -> 887750
H44: =H42/E42*100 -> 14.681387 | K44: =K42/E42*100 -> 5.5949993

Sheet 16FS-countrylevel
B1: Table 16. | C1: Country-wise & Level-wise Foreign Students (Based on actual Response) | L1: =C1 -> Country-wise & Level-wise Foreign Students (Based on actual Response) | U1: =L1 -> Country-wise & Level-wise Foreign Students (Based on actual Response)
A2: Sl. No. | B2: Country Name | C2: Ph.D. | F2: M.Phil. | I2: Post Graduate | L2: Under Graduate | O2: PG Diploma | R2: Diploma | U2: Certificate | X2: Integrated | AA2: Grand Total
C3: Male | D3: Female | E3: Total | F3: Male | G3: Female | H3: Total | I3: Male | J3: Female | K3: Total | L3: Male | M3: Female | N3: Total | O3: Male | P3: Female | Q3: Total | R3: Male | S3: Female | T3: Total | U3: Male | V3: Female | W3: Total | X3: Male | Y3: Female | Z3: Total | AA3: Male | AB3: Female | AC3: Total
A4: 1 | B4: 2 | C4: 3 | D4: 4 | E4: 5 | F4: 6 | G4: 7 | H4: 8 | I4: 9 | J4: 10 | K4: 11 | L4: 12 | M4: 13 | N4: 14 | O4: 15 | P4: 16 | Q4: 17 | R4: 18 | S4: 19 | T4: 20 | U4: 21 | V4: 22 | W4: 23 | X4: 24 | Y4: 25 | Z4: 26 | AA4: 27 | AB4: 28 | AC4: 29
A5: 1 | B5: NEPAL | C5: 73 | D5: 13 | E5: 86 | F5: 0 | G5: 0 | H5: 0 | I5: 1095 | J5: 513 | K5: 1608 | L5: 7654 | M5: 3150 | N5: 10804 | O5: 8 | P5: 4 | Q5: 12 | R5: 1112 | S5: 140 | T5: 1252 | U5: 3 | V5: 0 | W5: 3 | X5: 62 | Y5: 53 | Z5: 115 | AA5: 10007 | AB5: 3873 | AC5: 13880
A6: 2 | B6: AFGHANISTAN | C6: 146 | D6: 12 | E6: 158 | F6: 0 | G6: 0 | H6: 0 | I6: 1432 | J6: 296 | K6: 1728 | L6: 2303 | M6: 287 | N6: 2590 | O6: 2 | P6: 2 | Q6: 4 | R6: 3 | S6: 8 | T6: 11 | U6: 0 | V6: 0 | W6: 0 | X6: 10 | Y6: 3 | Z6: 13 | AA6: 3896 | AB6: 608 | AC6: 4504
A7: 3 | B7: BANGLADESH | C7: 42 | D7: 24 | E7: 66 | F7: 1 | G7: 5 | H7: 6 | I7: 185 | J7: 128 | K7: 313 | L7: 1386 | M7: 443 | N7: 1829 | O7: 4 | P7: 2 | Q7: 6 | R7: 14 | S7: 8 | T7: 22 | U7: 1 | V7: 1 | W7: 2 | X7: 10 | Y7: 5 | Z7: 15 | AA7: 1643 | AB7: 616 | AC7: 2259
A8: 4 | B8: BHUTAN | C8: 2 | D8: 0 | E8: 2 | F8: 0 | G8: 0 | H8: 0 | I8: 56 | J8: 40 | K8: 96 | L8: 896 | M8: 777 | N8: 1673 | O8: 0 | P8: 0 | Q8: 0 | R8: 21 | S8: 9 | T8: 30 | U8: 1 | V8: 0 | W8: 1 | X8: 25 | Y8: 24 | Z8: 49 | AA8: 1001 | AB8: 850 | AC8: 1851
A9: 5 | B9: SUDAN | C9: 5 | D9: 1 | E9: 6 | F9: 1 | G9: 0 | H9: 1 | I9: 142 | J9: 42 | K9: 184 | L9: 1388 | M9: 157 | N9: 1545 | O9: 0 | P9: 0 | Q9: 0 | R9: 1 | S9: 0 | T9: 1 | U9: 0 | V9: 0 | W9: 0 | X9: 13 | Y9: 8 | Z9: 21 | AA9: 1550 | AB9: 208 | AC9: 1758
A10: 6 | B10: UNITED STATES | C10: 12 | D10: 12 | E10: 24 | F10: 0 | G10: 2 | H10: 2 | I10: 20 | J10: 54 | K10: 74 | L10: 686 | M10: 739 | N10: 1425 | O10: 0 | P10: 2 | Q10: 2 | R10: 3 | S10: 2 | T10: 5 | U10: 1 | V10: 0 | W10: 1 | X10: 37 | Y10: 57 | Z10: 94 | AA10: 759 | AB10: 868 | AC10: 1627
A11: 7 | B11: NIGERIA | C11: 69 | D11: 8 | E11: 77 | F11: 0 | G11: 0 | H11: 0 | I11: 330 | J11: 106 | K11: 436 | L11: 693 | M11: 296 | N11: 989 | O11: 1 | P11: 2 | Q11: 3 | R11: 4 | S11: 3 | T11: 7 | U11: 1 | V11: 2 | W11: 3 | X11: 5 | Y11: 5 | Z11: 10 | AA11: 1103 | AB11: 422 | AC11: 1525
A12: 8 | B12: YEMEN | C12: 160 | D12: 24 | E12: 184 | F12: 0 | G12: 0 | H12: 0 | I12: 217 | J12: 60 | K12: 277 | L12: 903 | M12: 72 | N12: 975 | O12: 0 | P12: 0 | Q12: 0 | R12: 0 | S12: 0 | T12: 0 | U12: 0 | V12: 0 | W12: 0 | X12: 1 | Y12: 0 | Z12: 1 | AA12: 1281 | AB12: 156 | AC12: 1437
A13: 9 | B13: MALAYSIA | C13: 1 | D13: 3 | E13: 4 | F13: 0 | G13: 0 | H13: 0 | I13: 6 | J13: 5 | K13: 11 | L13: 468 | M13: 868 | N13: 1336 | O13: 0 | P13: 0 | Q13: 0 | R13: 0 | S13: 1 | T13: 1 | U13: 0 | V13: 0 | W13: 0 | X13: 0 | Y13: 1 | Z13: 1 | AA13: 475 | AB13: 878 | AC13: 1353
A14: 10 | B14: UNITED ARAB EMIRATES | C14: 3 | D14: 1 | E14: 4 | F14: 0 | G14: 0 | H14: 0 | I14: 43 | J14: 54 | K14: 97 | L14: 701 | M14: 534 | N14: 1235 | O14: 8 | P14: 1 | Q14: 9 | R14: 1 | S14: 0 | T14: 1 | U14: 0 | V14: 0 | W14: 0 | X14: 0 | Y14: 1 | Z14: 1 | AA14: 756 | AB14: 591 | AC14: 1347
A15: 11 | B15: SRI LANKA | C15: 16 | D15: 13 | E15: 29 | F15: 2 | G15: 1 | H15: 3 | I15: 64 | J15: 70 | K15: 134 | L15: 390 | M15: 594 | N15: 984 | O15: 0 | P15: 0 | Q15: 0 | R15: 8 | S15: 3 | T15: 11 | U15: 2 | V15: 1 | W15: 3 | X15: 2 | Y15: 2 | Z15: 4 | AA15: 484 | AB15: 684 | AC15: 1168
A16: 12 | B16: TANZANIA, UNITED REPUBLIC OF | C16: 17 | D16: 2 | E16: 19 | F16: 0 | G16: 0 | H16: 0 | I16: 75 | J16: 45 | K16: 120 | L16: 367 | M16: 412 | N16: 779 | O16: 4 | P16: 0 | Q16: 4 | R16: 104 | S16: 94 | T16: 198 | U16: 0 | V16: 0 | W16: 0 | X16: 7 | Y16: 25 | Z16: 32 | AA16: 574 | AB16: 578 | AC16: 1152
... A172: 168 | B172: LITHUANIA | C172: 0 | D172: 0 | E172: 0 | F172: 0 | G172: 0 | H172: 0 | I172: 0 | J172: 0 | K172: 0 | L172: 1 | M172: 0 | N172: 1 | O172: 0 | P172: 0 | Q172: 0 | R172: 0 | S172: 0 | T172: 0 | U172: 0 | V172: 0 | W172: 0 | X172: 0 | Y172: 0 | Z172: 0 | AA172: 1 | AB172: 0 | AC172: 1
A173: Grand Total | C173: =SUM(C5:C172) -> 1282 | D173: =SUM(D5:D172) -> 356 | E173: =SUM(E5:E172) -> 1638 | F173: =SUM(F5:F172) -> 28 | G173: =SUM(G5:G172) -> 17 | H173: =SUM(H5:H172) -> 45 | I173: =SUM(I5:I172) -> 5561 | J173: =SUM(J5:J172) -> 2638 | ... AC173: =SUM(AC5:AC172) -> 49348

Sheet 17FS-statelevel
B1: Table 17. | C1: State-wise & Level-wise Foreign Students (Based on actual Response) | L1: =C1 -> State-wise & Level-wise Foreign Students (Based on actual Response) | U1: =L1 -> State-wise & Level-wise Foreign Students (Based on actual Response)
A2: Sl. No. | B2: State/UTs | C2: Ph.D. | F2: M.Phil. | I2: Post Graduate | L2: Under Graduate | O2: PG Diploma | R2: Diploma | U2: Certificate | X2: Integrated | AA2: Total
C3: Male | D3: Female | E3: Total | F3: Male | G3: Female | H3: Total | I3: Male | J3: Female | K3: Total | L3: Male | M3: Female | N3: Total | O3: Male | P3: Female | Q3: Total | R3: Male | S3: Female | T3: Total | U3: Male | V3: Female | W3: Total | X3: Male | Y3: Female | Z3: Total | AA3: Male | AB3: Female | AC3: Total
A4: 1 | B4: 2 | C4: 3 | D4: 4 | E4: 5 | F4: 6 | G4: 7 | H4: 8 | I4: 9 | J4: 10 | K4: 11 | L4: 12 | M4: 13 | N4: 14 | O4: 15 | P4: 16 | Q4: 17 | R4: 18 | S4: 19 | T4: 20 | U4: 21 | V4: 22 | W4: 23 | X4: 24 | Y4: 25 | Z4: 26 | AA4: 27 | AB4: 28 | AC4: 29
A5: 1 | B5: Andhra Pradesh | C5: 95 | D5: 16 | E5: 111 | F5: 0 | G5: 0 | H5: 0 | I5: 207 | J5: 127 | K5: 334 | L5: 1266 | M5: 375 | N5: 1641 | O5: 0 | P5: 0 | Q5: 0 | R5: 1 | S5: 2 | T5: 3 | U5: 0 | V5: 0 | W5: 0 | X5: 2 | Y5: 3 | Z5: 5 | AA5: 1571 | AB5: 523 | AC5: 2094
A6: 2 | B6: Arunachal Pradesh | C6: 0 | D6: 0 | E6: 0 | F6: 0 | G6: 0 | H6: 0 | I6: 3 | J6: 0 | K6: 3 | L6: 2 | M6: 0 | N6: 2 | O6: 0 | P6: 0 | Q6: 0 | R6: 0 | S6: 0 | T6: 0 | U6: 0 | V6: 0 | W6: 0 | X6: 0 | Y6: 0 | Z6: 0 | AA6: 5 | AB6: 0 | AC6: 5
A7: 3 | B7: Assam | C7: 48 | D7: 5 | E7: 53 | F7: 0 | G7: 0 | H7: 0 | I7: 29 | J7: 22 | K7: 51 | L7: 55 | M7: 22 | N7: 77 | O7: 0 | P7: 0 | Q7: 0 | R7: 0 | S7: 0 | T7: 0 | U7: 0 | V7: 0 | W7: 0 | X7: 1 | Y7: 1 | Z7: 2 | AA7: 133 | AB7: 50 | AC7: 183
A8: 4 | B8: Bihar | C8: 14 | D8: 0 | E8: 14 | F8: 0 | G8: 0 | H8: 0 | I8: 44 | J8: 17 | K8: 61 | L8: 74 | M8: 6 | N8: 80 | O8: 0 | P8: 0 | Q8: 0 | R8: 38 | S8: 4 | T8: 42 | U8: 2 | V8: 0 | W8: 2 | X8: 0 | Y8: 0 | Z8: 0 | AA8: 172 | AB8: 27 | AC8: 199
A9: 5 | B9: Chandigarh | C9: 26 | D9: 11 | E9: 37 | F9: 0 | G9: 0 | H9: 0 | I9: 52 | J9: 18 | K9: 70 | L9: 151 | M9: 33 | N9: 184 | O9: 1 | P9: 1 | Q9: 2 | R9: 0 | S9: 0 | T9: 0 | U9: 0 | V9: 0 | W9: 0 | X9: 0 | Y9: 0 | Z9: 0 | AA9: 230 | AB9: 63 | AC9: 293
A10: 6 | B10: Chhattisgarh | C10: 1 | D10: 0 | E10: 1 | F10: 0 | G10: 0 | H10: 0 | I10: 5 | J10: 4 | K10: 9 | L10: 73 | M10: 25 | N10: 98 | O10: 0 | P10: 0 | Q10: 0 | R10: 0 | S10: 0 | T10: 0 | U10: 0 | V10: 0 | W10: 0 | X10: 0 | Y10: 0 | Z10: 0 | AA10: 79 | AB10: 29 | AC10: 108
A11: 7 | B11: Delhi | C11: 122 | D11: 55 | E11: 177 | F11: 5 | G11: 7 | H11: 12 | I11: 338 | J11: 184 | K11: 522 | L11: 867 | M11: 620 | N11: 1487 | O11: 12 | P11: 7 | Q11: 19 | R11: 5 | S11: 11 | T11: 16 | U11: 2 | V11: 6 | W11: 8 | X11: 61 | Y11: 43 | Z11: 104 | AA11: 1412 | AB11: 933 | AC11: 2345
A12: 8 | B12: Goa | C12: 3 | D12: 1 | E12: 4 | F12: 1 | G12: 0 | H12: 1 | I12: 24 | J12: 13 | K12: 37 | L12: 223 | M12: 54 | N12: 277 | O12: 1 | P12: 0 | Q12: 1 | R12: 0 | S12: 0 | T12: 0 | U12: 5 | V12: 0 | W12: 5 | X12: 4 | Y12: 3 | Z12: 7 | AA12: 261 | AB12: 71 | AC12: 332
A13: 9 | B13: Gujarat | C13: 27 | D13: 7 | E13: 34 | F13: 1 | G13: 0 | H13: 1 | I13: 185 | J13: 74 | K13: 259 | L13: 1322 | M13: 515 | N13: 1837 | O13: 3 | P13: 5 | Q13: 8 | R13: 56 | S13: 25 | T13: 81 | U13: 0 | V13: 0 | W13: 0 | X13: 2 | Y13: 5 | Z13: 7 | AA13: 1596 | AB13: 631 | AC13: 2227
A14: 10 | B14: Haryana | C14: 39 | D14: 13 | E14: 52 | F14: 0 | G14: 0 | H14: 0 | I14: 214 | J14: 58 | K14: 272 | L14: 1051 | M14: 423 | N14: 1474 | O14: 0 | P14: 0 | Q14: 0 | R14: 462 | S14: 50 | T14: 512 | U14: 0 | V14: 0 | W14: 0 | X14: 8 | Y14: 3 | Z14: 11 | AA14: 1774 | AB14: 547 | AC14: 2321
A15: 11 | B15: Himachal Pradesh | C15: 27 | D15: 4 | E15: 31 | F15: 0 | G15: 0 | H15: 0 | I15: 154 | J15: 45 | K15: 199 | L15: 493 | M15: 130 | N15: 623 | O15: 0 | P15: 0 | Q15: 0 | R15: 1 | S15: 0 | T15: 1 | U15: 0 | V15: 0 | W15: 0 | X15: 22 | Y15: 10 | Z15: 32 | AA15: 697 | AB15: 189 | AC15: 886
A16: 12 | B16: Jammu and Kashmir | C16: 0 | D16: 0 | E16: 0 | F16: 0 | G16: 0 | H16: 0 | I16: 5 | J16: 2 | K16: 7 | L16: 8 | M16: 1 | N16: 9 | O16: 0 | P16: 0 | Q16: 0 | R16: 0 | S16: 0 | T16: 0 | U16: 0 | V16: 0 | W16: 0 | X16: 0 | Y16: 0 | Z16: 0 | AA16: 13 | AB16: 3 | AC16: 16
... A37: 33 | B37: West Bengal | C37: 22 | D37: 5 | E37: 27 | F37: 0 | G37: 2 | H37: 2 | I37: 152 | J37: 92 | K37: 244 | L37: 513 | M37: 394 | N37: 907 | O37: 4 | P37: 0 | Q37: 4 | R37: 9 | S37: 3 | T37: 12 | U37: 2 | V37: 6 | W37: 8 | X37: 4 | Y37: 3 | Z37: 7 | AA37: 706 | AB37: 505 | AC37: 1211
A38: All India | C38: =SUM(C5:C37) -> 1282 | D38: =SUM(D5:D37) -> 356 | E38: =SUM(E5:E37) -> 1638 | F38: =SUM(F5:F37) -> 28 | G38: =SUM(G5:G37) -> 17 | H38: =SUM(H5:H37) -> 45 | I38: =SUM(I5:I37) -> 5561 | J38: =SUM(J5:J37) -> 2638 | ... AC38: =SUM(AC5:AC37) -> 49348

Sheet 18FS-prog
A1: Table | B1: 18. Foreign Students in Different Programmes (Based on actual Response)
A2: Sl. No. | B2: Programme | C2: Male | D2: Female | E2: Total
A3: 1 | B3: 2 | C3: 3 | D3: 4 | E3: 5
A4: 1 | B4: B.Tech.-Bachelor of Technology | C4: 7959 | D4: 1544 | E4: 9503
A5: 2 | B5: B.Sc.-Bachelor of Science | C5: 2461 | D5: 1503 | E5: 3964
A6: 3 | B6: B.B.A.-Bachelor of Business Administration | C6: 2267 | D6: 1023 | E6: 3290
A7: 4 | B7: B.E.-Bachelor of Engineering | C7: 2235 | D7: 361 | E7: 2596
A8: 5 | B8: B.Pharm.-Bachelor of Pharmacy | C8: 1667 | D8: 784 | E8: 2451
A9: 6 | B9: B.A.-Bachelor of Arts | C9: 1080 | D9: 1215 | E9: 2295
A10: 7 | B10: B.Com.-Bachelor of Commerce | C10: 1230 | D10: 698 | E10: 1928
A11: 8 | B11: B.C.A.-Bachelor of Computer Applications | C11: 1623 | D11: 197 | E11: 1820
A12: 9 | B12: M.B.B.S.-Bachelor of Medicine and Bachelor of Surgery | C12: 731 | D12: 1048 | E12: 1779
A13: 10 | B13: M.B.A.- Master of Business Administration | C13: 1167 | D13: 540 | E13: 1707
A14: 11 | B14: M.Sc.-Master of Science | C14: 1139 | D14: 481 | E14: 1620
A15: 12 | B15: Ph.D.-Doctor of Philosophy | C15: 1262 | D15: 352 | E15: 1614
... A141: 138 | B141: M.F.T. -Master of Foreign Trade | C141: 0 | D141: 1 | E141: 1
A142: Grand Total | C142: =SUM(C4:C141) -> 32836 | D142: =SUM(D4:D141) -> 16512 | E142: =SUM(E4:E141) -> 49348

Sheet 19GER
A1: Table 19. GROSS ENROLMENT RATIO (GER) IN HIGHER EDUCATION (18-23 Years)
A2: Sl. No. | B2: State/UTs | C2: All | F2: SC | I2: ST
C3: Male | D3: Female | E3: Total | F3: Male | G3: Female | H3: Total | I3: Male | J3: Female | K3: Total
A4: 1 | B4: 2 | C4: 3 | D4: 4 | E4: 5 | F4: 6 | G4: 7 | H4: 8 | I4: 9 | J4: 10 | K4: 11
A5: 1 | B5: Andaman and Nicobar Islands | C5: 17.726668 | D5: 22.284577 | E5: 19.985796 | F5: - | G5: - | H5: - | I5: 8.698505 | J5: 16.486768 | K5: 12.591283
A6: 2 | B6: Andhra Pradesh | C6: 38.314361 | D6: 32.171658 | E6: 35.21004 | F6: 33.445766 | G6: 28.996491 | H6: 31.189982 | I6: 33.646773 | J6: 25.621328 | K6: 29.377119
A7: 3 | B7: Arunachal Pradesh | C7: 36.510572 | D7: 34.250396 | E7: 35.380549 | F7: - | G7: - | H7: - | I7: 36.967379 | J7: 33.630254 | K7: 35.21187
A8: 4 | B8: Assam | C8: 17.421976 | D8: 17.192561 | E8: 17.303549 | F8: 19.518442 | G8: 19.029743 | H8: 19.276062 | I8: 22.705376 | J8: 22.402191 | K8: 22.545777
A9: 5 | B9: Bihar | C9: 15.762222 | D9: 13.092239 | E9: 14.458676 | F9: 14.210823 | G9: 8.5478642 | H9: 11.375658 | I9: 24.188095 | J9: 18.694002 | K9: 21.444663
A10: 6 | B10: Chandigarh | C10: 43.210077 | D10: 65.639685 | E10: 52.146897 | F10: 33.331741 | G10: 38.308497 | H10: 35.495822 | I10: - | J10: - | K10: -
A11: 7 | B11: Chhattisgarh | C11: 17.381219 | D11: 19.592667 | E11: 18.497728 | F11: 17.987594 | G11: 19.314021 | H11: 18.648409 | I11: 10.317781 | J11: 13.112063 | K11: 11.763714
A12: 8 | B12: Dadra and Nagar Haveli | C12: 7.3728594 | D12: 12.9151 | E12: 9.4406214 | F12: 18.312097 | G12: 22.727718 | H12: 20.187006 | I12: 4.6213892 | J12: 5.3295014 | K12: 4.9900035
A13: 9 | B13: Daman and Diu | C13: 4.4293429 | D13: 11.425198 | E13: 6.0782192 | F13: 16.836849 | G13: 31.674346 | H13: 23.260262 | I13: 9.8912979 | J13: 21.808674 | K13: 15.503765
A14: 10 | B14: Delhi | C14: 44.876563 | D14: 51.810631 | E14: 48.020055 | F14: 35.148781 | G14: 40.858113 | H14: 37.794369 | I14: - | J14: - | K14: -
A15: 11 | B15: Goa | C15: 23.771347 | D15: 34.586119 | E15: 28.443482 | F15: 30.361385 | G15: 33.22701 | H15: 31.710052 | I15: 20.636254 | J15: 32.700426 | K15: 26.366354
A16: 12 | B16: Gujarat | C16: 22.864294 | D16: 19.633138 | E16: 21.320101 | F16: 29.19803 | G16: 26.024296 | H16: 27.687779 | I16: 16.427954 | J16: 16.901934 | K16: 16.664763
A17: 13 | B17: Haryana | C17: 26.648199 | D17: 32.530457 | E17: 29.336238 | F17: 17.383954 | G17: 21.602876 | H17: 19.296325 | I17: - | J17: - | K17: -
A18: 14 | B18: Himachal Pradesh | C18: 35.743615 | D18: 46.418483 | E18: 40.846366 | F18: 25.115664 | G18: 33.58454 | H18: 29.229619 | I18: 35.350891 | J18: 43.688963 | K18: 39.484359
A19: 15 | B19: Jammu and Kashmir | C19: 31.682657 | D19: 33.205706 | E19: 32.420376 | F19: 17.347117 | G19: 23.573945 | H19: 20.340569 | I19: 22.985173 | J19: 19.16683 | K19: 21.089464
A20: 16 | B20: Jharkhand | C20: 20.959153 | D20: 20.867103 | E20: 20.913036 | F20: 16.976081 | G20: 15.115214 | H20: 16.058369 | I20: 14.735412 | J20: 16.459329 | K20: 15.639539
A21: 17 | B21: Karnataka | C21: 31.228263 | D21: 32.747303 | E21: 31.973263 | F21: 23.264953 | G21: 23.098984 | H21: 23.182887 | I21: 20.909932 | J21: 20.975355 | K21: 20.942015
A22: 18 | B22: Kerala | C22: 32.895316 | D22: 44.735095 | E22: 38.786547 | F22: 18.699834 | G22: 34.827944 | H22: 26.718338 | I22: 19.123461 | J22: 28.682322 | K22: 24.023177
A23: 19 | B23: Ladakh | C23: 5.0311771 | D23: 11.343479 | E23: 7.9178384 | F23: 0 | G23: 0 | H23: 0 | I23: 5.1649165 | J23: 12.564022 | K23: 8.548581
A24: 20 | B24: Lakshadweep | C24: 3.5551991 | D24: 11.534306 | E24: 7.5238479 | F24: - | G24: - | H24: - | I24: 2.1098456 | J24: 7.2415122 | K24: 4.7570743
A25: 21 | B25: Madhya Pradesh | C25: 24.162991 | D25: 24.219016 | E25: 24.189598 | F25: 22.928702 | G25: 23.508762 | H25: 23.196006 | I25: 12.554072 | J25: 12.281128 | K25: 12.416367
A26: 22 | B26: Maharashtra | C26: 33.524835 | D26: 31.021509 | E26: 32.331119 | F26: 30.644355 | G26: 30.79751 | H26: 30.71814 | I26: 17.409109 | J26: 13.507592 | K26: 15.449007
A27: 23 | B27: Manipur | C27: 37.749809 | D27: 38.889908 | E27: 38.323748 | F27: 68.700343 | G27: 65.9015 | H27: 67.291715 | I27: 23.053909 | J27: 23.977366 | K27: 23.514448
A28: 24 | B28: Meghalaya | C28: 24.160032 | D28: 28.003687 | E28: 26.112856 | F28: 99.768874 | G28: 82.333922 | H28: 91.566894 | I28: 20.620577 | J28: 26.330591 | K28: 23.554378
A29: 25 | B29: Mizoram | C29: 27.184712 | D29: 25.127356 | E29: 26.148871 | F29: 150.38664 | G29: 100.41941 | H29: 132.2983 | I29: 26.670061 | J29: 25.402365 | K29: 26.024655
A30: 26 | B30: Nagaland | C30: 16.525386 | D30: 20.519877 | E30: 18.488507 | F30: - | G30: - | H30: - | I30: 17.394601 | J30: 21.145925 | K30: 19.272513
A31: 27 | B31: Odisha | C31: 23.046631 | D31: 20.300243 | E31: 21.67411 | F31: 21.830857 | G31: 17.560945 | H31: 19.696532 | I31: 14.597238 | J31: 12.424861 | K31: 13.465459
A32: 28 | B32: Puducherry | C32: 40.993575 | D32: 52.565789 | E32: 46.336682 | F32: 33.358653 | G32: 38.317541 | H32: 35.733667 | I32: - | J32: - | K32: -
A33: 29 | B33: Punjab | C33: 25.086807 | D33: 32.110299 | E33: 28.242321 | F33: 15.777358 | G33: 22.360243 | H33: 18.777538 | I33: - | J33: - | K33: -
A34: 30 | B34: Rajasthan | C34: 24.289269 | D34: 23.893463 | E34: 24.09834 | F34: 21.515362 | G34: 21.437766 | H34: 21.478842 | I34: 22.245832 | J34: 22.321034 | K34: 22.283066
A35: 31 | B35: Sikkim | C35: 83.596398 | D35: 67.559468 | E35: 75.839417 | F35: 37.50055 | G35: 32.244287 | H35: 34.795195 | I35: 28.139105 | J35: 42.022876 | K35: 35.124578
A36: 32 | B36: Tamil Nadu | C36: 51.751946 | D36: 50.98608 | E36: 51.370081 | F36: 38.8162 | G36: 40.415476 | H36: 39.622272 | I36: 43.775111 | J36: 37.747233 | K36: 40.695724
A37: 33 | B37: Telangana | C37: 34.78831 | D37: 36.418172 | E37: 35.610439 | F37: 29.128455 | G37: 35.787682 | H37: 32.464757 | I37: 31.254334 | J37: 29.106178 | K37: 30.165263
A38: 34 | B38: Tripura | C38: 22.505455 | D38: 17.989899 | E38: 20.200016 | F38: 19.590387 | G38: 14.811758 | H38: 17.213373 | I38: 15.536883 | J38: 10.732091 | K38: 12.993213
A39: 35 | B39: Uttar Pradesh | C39: 23.740527 | D39: 26.923297 | E39: 25.260485 | F39: 21.444007 | G39: 26.108255 | H39: 23.607127 | I39: 38.079994 | J39: 39.894021 | K39: 38.987531
A40: 36 | B40: Uttarakhand | C40: 40.713296 | D40: 42.321147 | E40: 41.494313 | F40: 29.732739 | G40: 32.62866 | H40: 31.136362 | I40: 45.610793 | J40: 45.971103 | K40: 45.791066
A41: 37 | B41: West Bengal | C41: 20.337603 | D41: 19.578298 | E41: 19.94693 | F41: 15.060073 | G41: 14.838281 | H41: 14.948391 | I41: 11.422043 | J41: 10.618677 | K41: 11.000917
A42: All India | C42: 26.89343 | D42: 27.267661 | E42: 27.075606 | F42: 22.837553 | G42: 24.050789 | H42: 23.423016 | I42: 18.243554 | J42: 17.743895 | K42: 17.989003

Sheet ManagementCollegeNo (2)
A1: Table | B1: 5. Number of Private and Government Colleges | G1: Enrolment in Private and Government Colleges
A2: State | B2: Private Un-Aided | C2: Private Aided | D2: Total Private | E2: Government | F2: Total | G2: Private Un-Aided | H2: Private Aided | I2: Total Private | J2: Government | K2: Total
A3: Andaman & Nicobar Islands | B3: 0 | C3: 0 | D3: =B3+C3 -> 0 | E3: 5 | F3: =D3+E3 -> 5 | G3: 0 | H3: 0 | I3: =G3+H3 -> 0 | J3: 2458 | K3: =I3+J3 -> 2458 | M3: =B3/F3% -> 0
A4: Andhra Pradesh | B4: 2916 | C4: 261 | D4: =B4+C4 -> 3177 | E4: 434 | F4: =D4+E4 -> 3611 | G4: 1348119 | H4: 186649 | I4: =G4+H4 -> 1534768 | J4: 245824 | K4: =I4+J4 -> 1780592 | M4: =B4/F4% -> 80.753254
A5: Arunachal Pradesh | B5: 3 | C5: 0 | D5: =B5+C5 -> 3 | E5: 6 | F5: =D5+E5 -> 9 | G5: 1722 | H5: 0 | I5: =G5+H5 -> 1722 | J5: 15762 | K5: =I5+J5 -> 17484 | M5: =B5/F5% -> 33.333333
A6: Assam | B6: 21 | C6: 9 | D6: =B6+C6 -> 30 | E6: 142 | F6: =D6+E6 -> 172 | G6: 5011 | H6: 3590 | I6: =G6+H6 -> 8601 | J6: 164997 | K6: =I6+J6 -> 173598 | M6: =B6/F6% -> 12.209302
A7: Bihar | B7: 27 | C7: 38 | D7: =B7+C7 -> 65 | E7: 459 | F7: =D7+E7 -> 524 | G7: 30625 | H7: 111021 | I7: =G7+H7 -> 141646 | J7: 798597 | K7: =I7+J7 -> 940243 | M7: =B7/F7% -> 5.1526718
A8: Chandigarh | B8: 1 | C8: 3 | D8: =B8+C8 -> 4 | E8: 9 | F8: =D8+E8 -> 13 | G8: 18 | H8: 2468 | I8: =G8+H8 -> 2486 | J8: 7985 | K8: =I8+J8 -> 10471 | M8: =B8/F8% -> 7.6923077
A9: Chhatisgarh | B9: 161 | C9: 47 | D9: =B9+C9 -> 208 | E9: 200 | F9: =D9+E9 -> 408 | G9: 78702 | H9: 35478 | I9: =G9+H9 -> 114180 | J9: 149298 | K9: =I9+J9 -> 263478 | M9: =B9/F9% -> 39.460784
A10: Dadra & Nagar Haveli | B10: 1 | C10: 0 | D10: =B10+C10 -> 1 | E10: 0 | F10: =D10+E10 -> 1 | G10: 223 | H10: 0 | I10: =G10+H10 -> 223 | J10: 0 | K10: =I10+J10 -> 223 | M10: =B10/F10% -> 100
A11: Daman & Diu | B11: 1 | C11: 1 | D11: =B11+C11 -> 2 | E11: 1 | F11: =D11+E11 -> 3 | G11: 172 | H11: 59 | I11: =G11+H11 -> 231 | J11: 581 | K11: =I11+J11 -> 812 | M11: =B11/F11% -> 33.333333
A12: Delhi | B12: 59 | C12: 11 | D12: =B12+C12 -> 70 | E12: 69 | F12: =D12+E12 -> 139 | G12: 33406 | H12: 16576 | I12: =G12+H12 -> 49982 | J12: 100341 | K12: =I12+J12 -> 150323 | M12: =B12/F12% -> 42.446043
A13: Goa | B13: 5 | C13: 14 | D13: =B13+C13 -> 19 | E13: 14 | F13: =D13+E13 -> 33 | G13: 1851 | H13: 12391 | I13: =G13+H13 -> 14242 | J13: 9016 | K13: =I13+J13 -> 23258 | M13: =B13/F13% -> 15.151515
A14: Gujarat | B14: 623 | C14: 372 | D14: =B14+C14 -> 995 | E14: 562 | F14: =D14+E14 -> 1557 | G14: 236280 | H14: 288224 | I14: =G14+H14 -> 524504 | J14: 446937 | K14: =I14+J14 -> 971441 | M14: =B14/F14% -> 40.012845
... A36: West Bengal | B36: 134 | C36: 86 | D36: =B36+C36 -> 220 | E36: 148 | F36: =D36+E36 -> 368 | G36: 75757 | H36: 211790 | I36: =G36+H36 -> 287547 | J36: 321593 | K36: =I36+J36 -> 609140 | M36: =B36/F36% -> 36.413043
A37: All India | B37: =SUM(B3:B36) -> 9735 | C37: =SUM(C3:C36) -> 2344 | D37: =SUM(D3:D36) -> 12079 | E37: =SUM(E3:E36) -> 4420 | F37: =SUM(F3:F36) -> 16499 | G37: =SUM(G3:G36) -> 4276454 | H37: =SUM(H3:H36) -> 2747094 | I37: =SUM(I3:I36) -> 7023548 | ... K37: =SUM(K3:K36) -> 11551516 | M37: =B37/F37% -> 59.003576
B40: =B2 -> Private Un-Aided | C40: =C2 -> Private Aided | D40: =E2 -> Government
A41: % Number | B41: =B37/$F$37% -> 59.003576 | C41: =C37/$F$37% -> 14.206922 | D41: =E37/$F$37% -> 26.789502
A42: % Enrolment | B42: =G37/$K$37% -> 37.020717 | C42: =H37/$K$37% -> 23.781242 | D42: =J37/$K$37% -> 39.198041

Sheet WomenCollege
A1: Table | B1: 1. State & Specialisation - Wise Number Of Universities | J1: Percentage of Women's College
A2: State | B2: General | C2: Agriculture | D2: Medical | E2: Law | F2: Technical | G2: Veterinary | H2: Others | I2: Total | J2: Total | K2: Women's College | L2: % of Women's College
A3: Andaman & Nicobar | B3: =Paste!C5 -> 0 | C3: =Paste!D5 -> 0 | D3: =Paste!E5 -> 0 | E3: =Paste!F5 -> 0 | F3: =Paste!G5 -> 0 | G3: =Paste!H5 -> 0 | H3: =Paste!I5 -> 0 | I3: =SUM(B3:H3) -> 0 | J3: =Paste!S5 -> 5 | K3: =Paste!T5 -> 0 | L3: =IF(J3=0,0,K3/J3%) -> 0
A4: Andhra Pradesh | B4: =Paste!C6 -> 26 | C4: =Paste!D6 -> 2 | D4: =Paste!E6 -> 2 | E4: =Paste!F6 -> 2 | F4: =Paste!G6 -> 6 | G4: =Paste!H6 -> 1 | H4: =Paste!I6 -> 6 | I4: =SUM(B4:H4) -> 45 | J4: =Paste!S6 -> 3618 | K4: =Paste!T6 -> 332 | L4: =IF(J4=0,0,K4/J4%) -> 9.1763405
A5: Arunachal Pradesh | B5: =Paste!C7 -> 3 | C5: =Paste!D7 -> 0 | D5: =Paste!E7 -> 0 | E5: =Paste!F7 -> 0 | F5: =Paste!G7 -> 0 | G5: =Paste!H7 -> 0 | H5: =Paste!I7 -> 0 | I5: =SUM(B5:H5) -> 3 | J5: =Paste!S7 -> 9 | K5: =Paste!T7 -> 0 | L5: =IF(J5=0,0,K5/J5%) -> 0
A6: Assam | B6: =Paste!C8 -> 6 | C6: =Paste!D8 -> 1 | D6: =Paste!E8 -> 0 | E6: =Paste!F8 -> 0 | F6: =Paste!G8 -> 2 | G6: =Paste!H8 -> 0 | H6: =Paste!I8 -> 0 | I6: =SUM(B6:H6) -> 9 | J6: =Paste!S8 -> 174 | K6: =Paste!T8 -> 10 | L6: =IF(J6=0,0,K6/J6%) -> 5.7471264
A7: Bihar | B7: =Paste!C9 -> 12 | C7: =Paste!D9 -> 2 | D7: =Paste!E9 -> 1 | E7: =Paste!F9 -> 1 | F7: =Paste!G9 -> 1 | G7: =Paste!H9 -> 0 | H7: =Paste!I9 -> 3 | I7: =SUM(B7:H7) -> 20 | J7: =Paste!S9 -> 531 | K7: =Paste!T9 -> 43 | L7: =IF(J7=0,0,K7/J7%) -> 8.0979284
A8: Chandigarh | B8: =Paste!C10 -> 1 | C8: =Paste!D10 -> 0 | D8: =Paste!E10 -> 0 | E8: =Paste!F10 -> 0 | F8: =Paste!G10 -> 1 | G8: =Paste!H10 -> 0 | H8: =Paste!I10 -> 0 | I8: =SUM(B8:H8) -> 2 | J8: =Paste!S10 -> 13 | K8: =Paste!T10 -> 5 | L8: =IF(J8=0,0,K8/J8%) -> 38.461538
A9: Chhattisgarh | B9: =Paste!C11 -> 7 | C9: =Paste!D11 -> 1 | D9: =Paste!E11 -> 1 | E9: =Paste!F11 -> 1 | F9: =Paste!G11 -> 2 | G9: =Paste!H11 -> 0 | H9: =Paste!I11 -> 3 | I9: =SUM(B9:H9) -> 15 | J9: =Paste!S11 -> 430 | K9: =Paste!T11 -> 34 | L9: =IF(J9=0,0,K9/J9%) -> 7.9069767
A10: Dadra & Nagar Haveli | B10: =Paste!C12 -> 0 | C10: =Paste!D12 -> 0 | D10: =Paste!E12 -> 0 | E10: =Paste!F12 -> 0 | F10: =Paste!G12 -> 0 | G10: =Paste!H12 -> 0 | H10: =Paste!I12 -> 0 | I10: =SUM(B10:H10) -> 0 | J10: =Paste!S12 -> 2 | K10: =Paste!T12 -> 0 | L10: =IF(J10=0,0,K10/J10%) -> 0
A11: Daman & Diu | B11: =Paste!C13 -> 0 | C11: =Paste!D13 -> 0 | D11: =Paste!E13 -> 0 | E11: =Paste!F13 -> 0 | F11: =Paste!G13 -> 0 | G11: =Paste!H13 -> 0 | H11: =Paste!I13 -> 0 | I11: =SUM(B11:H11) -> 0 | J11: =Paste!S13 -> 3 | K11: =Paste!T13 -> 0 | L11: =IF(J11=0,0,K11/J11%) -> 0
A12: Delhi | B12: =Paste!C14 -> 9 | C12: =Paste!D14 -> 1 | D12: =Paste!E14 -> 1 | E12: =Paste!F14 -> 2 | F12: =Paste!G14 -> 3 | G12: =Paste!H14 -> 0 | H12: =Paste!I14 -> 5 | I12: =SUM(B12:H12) -> 21 | J12: =Paste!S14 -> 142 | K12: =Paste!T14 -> 22 | L12: =IF(J12=0,0,K12/J12%) -> 15.492958
A13: Goa | B13: =Paste!C15 -> 1 | C13: =Paste!D15 -> 0 | D13: =Paste!E15 -> 0 | E13: =Paste!F15 -> 0 | F13: =Paste!G15 -> 1 | G13: =Paste!H15 -> 0 | H13: =Paste!I15 -> 0 | I13: =SUM(B13:H13) -> 2 | J13: =Paste!S15 -> 33 | K13: =Paste!T15 -> 1 | L13: =IF(J13=0,0,K13/J13%) -> 3.030303
A14: Gujarat | B14: =Paste!C16 -> 22 | C14: =Paste!D16 -> 3 | D14: =Paste!E16 -> 1 | E14: =Paste!F16 -> 1 | F14: =Paste!G16 -> 3 | G14: =Paste!H16 -> 0 | H14: =Paste!I16 -> 6 | I14: =SUM(B14:H14) -> 36 | J14: =Paste!S16 -> 1623 | K14: =Paste!T16 -> 138 | L14: =IF(J14=0,0,K14/J14%) -> 8.5027726
... A37: West Bengal | B37: =Paste!C39 -> 13 | C37: =Paste!D39 -> 2 | D37: =Paste!E39 -> 1 | E37: =Paste!F39 -> 1 | F37: =Paste!G39 -> 3 | G37: =Paste!H39 -> 0 | H37: =Paste!I39 -> 2 | I37: =SUM(B37:H37) -> 22 | J37: =Paste!S39 -> 372 | K37: =Paste!T39 -> 43 | L37: =IF(J37=0,0,K37/J37%) -> 11.55914
A38: All India | B38: =SUM(B3:B37) -> 300 | C38: =SUM(C3:C37) -> 34 | D38: =SUM(D3:D37) -> 25 | E38: =SUM(E3:E37) -> 17 | F38: =SUM(F3:F37) -> 89 | G38: =SUM(G3:G37) -> 9 | H38: =SUM(H3:H37) -> 80 | I38: =SUM(I3:I37) -> 554 | ... K38: =SUM(K3:K37) -> 1550 | L38: =IF(J38=0,0,K38/J38%) -> 9.1053281

Sheet 20GPI
A1: Table 20. GENDER PARITY INDEX (GPI) IN HIGHER EDUCATION (18-23 Years)
A2: Sl. No. | B2: State/UTs | C2: All | D2: SC | E2: ST
A3: 1 | B3: 2 | C3: 3 | D3: 4 | E3: 5
A4: 1 | B4: Andaman & Nicobar Islands | C4: 1.2571216 | D4: - | E4: 1.8953565
A5: 2 | B5: Andhra Pradesh | C5: 0.83967623 | D5: 0.86697048 | E5: 0.76147948
A6: 3 | B6: Arunachal Pradesh | C6: 0.93809529 | D6: - | E6: 0.90972785
A7: 4 | B7: Assam | C7: 0.9868319 | D7: 0.9749622 | E7: 0.98664697
A8: 5 | B8: Bihar | C8: 0.83060871 | D8: 0.60150383 | E8: 0.77285963
A9: 6 | B9: Chandigarh | C9: 1.5190828 | D9: 1.1493098 | E9: -
A10: 7 | B10: Chhatisgarh | C10: 1.127232 | D10: 1.0737412 | E10: 1.2708219
A11: 8 | B11: Dadra & Nagar Haveli | C11: 1.7517084 | D11: 1.2411314 | E11: 1.153225
A12: 9 | B12: Daman & Diu | C12: 2.5794342 | D12: 1.8812515 | E12: 2.2048344
A13: 10 | B13: Delhi | C13: 1.1545142 | D13: 1.1624333 | E13: -
A14: 11 | B14: Goa | C14: 1.4549499 | D14: 1.0943838 | E14: 1.5846105
A15: 12 | B15: Gujarat | C15: 0.85868114 | D15: 0.89130314 | E15: 1.028852
A16: 13 | B16: Haryana | C16: 1.2207376 | D16: 1.2426906 | E16: -
A17: 14 | B17: Himachal Pradesh | C17: 1.2986511 | D17: 1.337195 | E17: 1.2358659
A18: 15 | B18: Jammu and Kashmir | C18: 1.048072 | D18: 1.3589546 | E18: 0.83387799
A19: 16 | B19: Jharkhand | C19: 0.99560814 | D19: 0.89038303 | E19: 1.1169914
A20: 17 | B20: Karnataka | C20: 1.0486431 | D20: 0.99286616 | E20: 1.0031288
A21: 18 | B21: Kerala | C21: 1.3599229 | D21: 1.8624735 | E21: 1.49985
A22: 19 | B22: Ladakh | C22: 2.2546372 | D22: - | E22: 2.4325702
A23: 20 | B23: Lakshdweep | C23: 3.2443487 | D23: - | E23: 3.4322475
A24: 21 | B24: Madhya Pradesh | C24: 1.0023186 | D24: 1.0252984 | E24: 0.97825852
A25: 22 | B25: Maharashtra | C25: 0.92532921 | D25: 1.0049978 | E25: 0.77589218
A26: 23 | B26: Manipur | C26: 1.0302014 | D26: 0.95926013 | E26: 1.0400564
A27: 24 | B27: Meghalaya | C27: 1.1590915 | D27: 0.82524658 | E27: 1.2769086
A28: 25 | B28: Mizoram | C28: 0.92431936 | D28: 0.66774156 | E28: 0.95246744
A29: 26 | B29: Nagaland | C29: 1.2417185 | D29: - | E29: 1.2156603
A30: 27 | B30: Odisha | C30: 0.88083344 | D30: 0.8044093 | E30: 0.85117891
A31: 28 | B31: Puducherry | C31: 1.2822933 | D31: 1.1486537 | E31: -
A32: 29 | B32: Punjab | C32: 1.2799676 | D32: 1.4172362 | E32: -
A33: 30 | B33: Rajasthan | C33: 0.98370449 | D33: 0.99639347 | E33: 1.0033805
A34: 31 | B34: Sikkim | C34: 0.80816242 | D34: 0.85983506 | E34: 1.4933977
A35: 32 | B35: Tamil Nadu | C35: 0.9852012 | D35: 1.0412013 | E35: 0.86229897
A36: 33 | B36: Telangana | C36: 1.0468508 | D36: 1.2286159 | E36: 0.93126852
A37: 34 | B37: Tripura | C37: 0.79935724 | D37: 0.75607278 | E37: 0.69074929
A38: 35 | B38: Uttar Pradesh | C38: 1.1340648 | D38: 1.2175082 | E38: 1.0476373
A39: 36 | B39: Uttrakhand | C39: 1.039492 | D39: 1.0973984 | E39: 1.0078997
A40: 37 | B40: West Bengal | C40: 0.96266496 | D40: 0.98527281 | E40: 0.92966529
A41: All India | C41: 1.0139153 | D41: 1.0531246 | E41: 0.97261173

Sheet 21TeacherCategory
B1: Table 21. | C1: (a). State-wise Number of Teachers among various Social Groups (Based on actual Response) | O1: (b). State-wise Number of Teachers among Minority & PWD (Based on actual Response)
A2: Sl. No. | B2: State/UTs | C2: All | F2: SC | I2: ST | L2: OBC | O2: PWD | R2: Muslim | U2: Other Minority Communities
C3: Male | D3: Female | E3: Total | F3: Male | G3: Female | H3: Total | I3: Male | J3: Female | K3: Total | L3: Male | M3: Female | N3: Total | O3: Male | P3: Female | Q3: Total | R3: Male | S3: Female | T3: Total | U3: Male | V3: Female | W3: Total
A4: 1 | B4: 2 | C4: 3 | D4: 4 | E4: 5 | F4: 6 | G4: 7 | H4: 8 | I4: 9 | J4: 10 | K4: 11 | L4: 12 | M4: 13 | N4: 14 | O4: 15 | P4: 16 | Q4: 17 | R4: 18 | S4: 19 | T4: 20 | U4: 21 | V4: 22 | W4: 23
A5: 1 | B5: Andaman and Nicobar Islands | C5: 254 | D5: 209 | E5: 463 | F5: 11 | G5: 3 | H5: 14 | I5: 4 | J5: 11 | K5: 15 | L5: 42 | M5: 40 | N5: 82 | O5: 0 | P5: 0 | Q5: 0 | R5: 10 | S5: 12 | T5: 22 | U5: 34 | V5: 39 | W5: 73
A6: 2 | B6: Andhra Pradesh | C6: 64116 | D6: 35621 | E6: 99737 | F6: 8044 | G6: 5712 | H6: 13756 | I6: 1114 | J6: 512 | K6: 1626 | L6: 24177 | M6: 12106 | N6: 36283 | O6: 208 | P6: 38 | Q6: 246 | R6: 3079 | S6: 1628 | T6: 4707 | U6: 1781 | V6: 2180 | W6: 3961
A7: 3 | B7: Arunachal Pradesh | C7: 1213 | D7: 791 | E7: 2004 | F7: 63 | G7: 19 | H7: 82 | I7: 500 | J7: 530 | K7: 1030 | L7: 170 | M7: 67 | N7: 237 | O7: 8 | P7: 0 | Q7: 8 | R7: 41 | S7: 11 | T7: 52 | U7: 444 | V7: 500 | W7: 944
A8: 4 | B8: Assam | C8: 13579 | D8: 9501 | E8: 23080 | F8: 848 | G8: 574 | H8: 1422 | I8: 1617 | J8: 1369 | K8: 2986 | L8: 3137 | M8: 2466 | N8: 5603 | O8: 51 | P8: 11 | Q8: 62 | R8: 2225 | S8: 618 | T8: 2843 | U8: 347 | V8: 385 | W8: 732
A9: 5 | B9: Bihar | C9: 23213 | D9: 6384 | E9: 29597 | F9: 1278 | G9: 254 | H9: 1532 | I9: 111 | J9: 94 | K9: 205 | L9: 8627 | M9: 1936 | N9: 10563 | O9: 121 | P9: 19 | Q9: 140 | R9: 2139 | S9: 461 | T9: 2600 | U9: 145 | V9: 206 | W9: 351
A10: 6 | B10: Chandigarh | C10: 1595 | D10: 2169 | E10: 3764 | F10: 205 | G10: 108 | H10: 313 | I10: 19 | J10: 8 | K10: 27 | L10: 131 | M10: 76 | N10: 207 | O10: 17 | P10: 3 | Q10: 20 | R10: 15 | S10: 14 | T10: 29 | U10: 285 | V10: 600 | W10: 885
A11: 7 | B11: Chhattisgarh | C11: 11452 | D11: 10783 | E11: 22235 | F11: 1143 | G11: 717 | H11: 1860 | I11: 677 | J11: 781 | K11: 1458 | L11: 3431 | M11: 2904 | N11: 6335 | O11: 55 | P11: 46 | Q11: 101 | R11: 274 | S11: 321 | T11: 595 | U11: 507 | V11: 1037 | W11: 1544
A12: 8 | B12: Dadra and Nagar Haveli | C12: 119 | D12: 116 | E12: 235 | F12: 10 | G12: 3 | H12: 13 | I12: 6 | J12: 7 | K12: 13 | L12: 27 | M12: 14 | N12: 41 | O12: 3 | P12: 0 | Q12: 3 | R12: 5 | S12: 2 | T12: 7 | U12: 9 | V12: 10 | W12: 19
A13: 9 | B13: Daman and Diu | C13: 163 | D13: 109 | E13: 272 | F13: 18 | G13: 5 | H13: 23 | I13: 3 | J13: 2 | K13: 5 | L13: 32 | M13: 21 | N13: 53 | O13: 5 | P13: 0 | Q13: 5 | R13: 4 | S13: 3 | T13: 7 | U13: 2 | V13: 8 | W13: 10
A14: 10 | B14: Delhi | C14: 10008 | D14: 11754 | E14: 21762 | F14: 1112 | G14: 825 | H14: 1937 | I14: 333 | J14: 248 | K14: 581 | L14: 1328 | M14: 918 | N14: 2246 | O14: 156 | P14: 69 | Q14: 225 | R14: 948 | S14: 467 | T14: 1415 | U14: 557 | V14: 1054 | W14: 1611
A15: 11 | B15: Goa | C15: 1671 | D15: 1968 | E15: 3639 | F15: 31 | G15: 17 | H15: 48 | I15: 45 | J15: 49 | K15: 94 | L15: 141 | M15: 193 | N15: 334 | O15: 4 | P15: 3 | Q15: 7 | R15: 29 | S15: 43 | T15: 72 | U15: 269 | V15: 621 | W15: 890
A16: 12 | B16: Gujarat | C16: 35627 | D16: 24761 | E16: 60388 | F16: 2196 | G16: 1265 | H16: 3461 | I16: 1643 | J16: 1129 | K16: 2772 | L16: 7247 | M16: 4146 | N16: 11393 | O16: 181 | P16: 50 | Q16: 231 | R16: 1065 | S16: 653 | T16: 1718 | U16: 1030 | V16: 1060 | W16: 2090
... A41: 37 | B41: West Bengal | C41: 42780 | D41: 22766 | E41: 65546 | F41: 5317 | G41: 1851 | H41: 7168 | I41: 572 | J41: 396 | K41: 968 | L41: 4846 | M41: 1469 | N41: 6315 | O41: 208 | P41: 43 | Q41: 251 | R41: 4062 | S41: 1113 | T41: 5175 | U41: 412 | V41: 399 | W41: 811
A42: All India | C42: =SUM(C5:C41) -> 864337 | D42: =SUM(D5:D41) -> 638819 | E42: =SUM(E5:E41) -> 1503156 | F42: =SUM(F5:F41) -> 85262 | G42: =SUM(G5:G41) -> 49330 | H42: =SUM(H5:H41) -> 134592 | I42: =SUM(I5:I41) -> 21427 | J42: =SUM(J5:J41) -> 15378 | ... W42: =SUM(W5:W41) -> 134997

Sheet 22TeacherPost
B1: Table 22. | C1: State & Post-wise Number of Male & Female Teachers (Based on actual Response) | I1: =C1 -> State & Post-wise Number of Male & Female Teachers (Based on actual Response) | O1: =I1 -> State & Post-wise Number of Male & Female Teachers (Based on actual Response)
A2: Sl. No, | B2: State/UTs | C2: Professor & Equivalent | F2: Reader & Associate Professor | I2: Lecturer/ Assistant Professor | L2: Demonstrator/ Tutor | O2: Temporary Teacher etc | R2: Grand Total | U2: Visiting Teacher
C3: Male | D3: Female | E3: Total | F3: Male | G3: Female | H3: Total | I3: Male | J3: Female | K3: Total | L3: Male | M3: Female | N3: Total | O3: Male | P3: Female | Q3: Total | R3: Male | S3: Female | T3: Total | U3: Male | V3: Female | W3: Total
A4: 1 | B4: 2 | C4: 3 | D4: 4 | E4: 5 | F4: 6 | G4: 7 | H4: 8 | I4: 9 | J4: 10 | K4: 11 | L4: 12 | M4: 13 | N4: 14 | O4: 15 | P4: 16 | Q4: 17 | R4: 18 | S4: 19 | T4: 20 | U4: 21 | V4: 22 | W4: 23
A5: 1 | B5: Andaman and Nicobar Islands | C5: 24 | D5: 2 | E5: 26 | F5: 51 | G5: 12 | H5: 63 | I5: 107 | J5: 53 | K5: 160 | L5: 12 | M5: 8 | N5: 20 | O5: 49 | P5: 111 | Q5: 160 | R5: 254 | S5: 209 | T5: 463 | U5: 11 | V5: 23 | W5: 34
A6: 2 | B6: Andhra Pradesh | C6: 7282 | D6: 1947 | E6: 9229 | F6: 6845 | G6: 2482 | H6: 9327 | I6: 46694 | J6: 26059 | K6: 72753 | L6: 828 | M6: 3353 | N6: 4181 | O6: 2384 | P6: 1720 | Q6: 4104 | R6: 64116 | S6: 35621 | T6: 99737 | U6: 83 | V6: 60 | W6: 143
A7: 3 | B7: Arunachal Pradesh | C7: 171 | D7: 33 | E7: 204 | F7: 180 | G7: 55 | H7: 235 | I7: 826 | J7: 674 | K7: 1500 | L7: 18 | M7: 14 | N7: 32 | O7: 13 | P7: 13 | Q7: 26 | R7: 1213 | S7: 791 | T7: 2004 | U7: 5 | V7: 2 | W7: 7
A8: 4 | B8: Assam | C8: 1257 | D8: 365 | E8: 1622 | F8: 2489 | G8: 1416 | H8: 3905 | I8: 8618 | J8: 6371 | K8: 14989 | L8: 415 | M8: 375 | N8: 790 | O8: 781 | P8: 958 | Q8: 1739 | R8: 13579 | S8: 9501 | T8: 23080 | U8: 19 | V8: 16 | W8: 35
A9: 5 | B9: Bihar | C9: 1933 | D9: 423 | E9: 2356 | F9: 3336 | G9: 757 | H9: 4093 | I9: 16407 | J9: 4362 | K9: 20769 | L9: 683 | M9: 509 | N9: 1192 | O9: 649 | P9: 270 | Q9: 919 | R9: 23213 | S9: 6384 | T9: 29597 | U9: 205 | V9: 63 | W9: 268
A10: 6 | B10: Chandigarh | C10: 443 | D10: 301 | E10: 744 | F10: 224 | G10: 322 | H10: 546 | I10: 864 | J10: 1368 | K10: 2232 | L10: 12 | M10: 9 | N10: 21 | O10: 44 | P10: 156 | Q10: 200 | R10: 1595 | S10: 2169 | T10: 3764 | U10: 8 | V10: 13 | W10: 21
A11: 7 | B11: Chhattisgarh | C11: 1184 | D11: 652 | E11: 1836 | F11: 986 | G11: 631 | H11: 1617 | I11: 7553 | J11: 6554 | K11: 14107 | L11: 531 | M11: 1775 | N11: 2306 | O11: 1090 | P11: 1069 | Q11: 2159 | R11: 11452 | S11: 10783 | T11: 22235 | U11: 108 | V11: 102 | W11: 210
A12: 8 | B12: Dadra and Nagar Haveli | C12: 7 | D12: 4 | E12: 11 | F12: 6 | G12: 4 | H12: 10 | I12: 101 | J12: 100 | K12: 201 | L12: 3 | M12: 7 | N12: 10 | O12: 1 | P12: 0 | Q12: 1 | R12: 119 | S12: 116 | T12: 235 | U12: 1 | V12: 1 | W12: 2
A13: 9 | B13: Daman and Diu | C13: 11 | D13: 6 | E13: 17 | F13: 20 | G13: 10 | H13: 30 | I13: 112 | J13: 43 | K13: 155 | L13: 3 | M13: 40 | N13: 43 | O13: 12 | P13: 3 | Q13: 15 | R13: 163 | S13: 109 | T13: 272 | U13: 5 | V13: 7 | W13: 12
A14: 10 | B14: Delhi | C14: 2333 | D14: 1234 | E14: 3567 | F14: 1749 | G14: 2326 | H14: 4075 | I14: 5213 | J14: 6958 | K14: 12171 | L14: 165 | M14: 427 | N14: 592 | O14: 474 | P14: 759 | Q14: 1233 | R14: 10008 | S14: 11754 | T14: 21762 | U14: 74 | V14: 50 | W14: 124
A15: 11 | B15: Goa | C15: 171 | D15: 56 | E15: 227 | F15: 272 | G15: 286 | H15: 558 | I15: 1138 | J15: 1345 | K15: 2483 | L15: 14 | M15: 45 | N15: 59 | O15: 51 | P15: 162 | Q15: 213 | R15: 1671 | S15: 1968 | T15: 3639 | U15: 25 | V15: 74 | W15: 99
A16: 12 | B16: Gujarat | C16: 4161 | D16: 1540 | E16: 5701 | F16: 5138 | G16: 2598 | H16: 7736 | I16: 22191 | J16: 14555 | K16: 36746 | L16: 1461 | M16: 3549 | N16: 5010 | O16: 1251 | P16: 1465 | Q16: 2716 | R16: 35627 | S16: 24761 | T16: 60388 | U16: 1425 | V16: 1054 | W16: 2479
... A41: 37 | B41: West Bengal | C41: 4216 | D41: 992 | E41: 5208 | F41: 4069 | G41: 2287 | H41: 6356 | I41: 25581 | J41: 12117 | K41: 37698 | L41: 1273 | M41: 1278 | N41: 2551 | O41: 6539 | P41: 5284 | Q41: 11823 | R41: 42780 | S41: 22766 | T41: 65546 | U41: 1102 | V41: 808 | W41: 1910
A42: All India | C42: =SUM(C5:C41) -> 101319 | D42: =SUM(D5:D41) -> 38478 | E42: =SUM(E5:E41) -> 139797 | F42: =SUM(F5:F41) -> 100652 | G42: =SUM(G5:G41) -> 59485 | H42: =SUM(H5:H41) -> 160137 | I42: =SUM(I5:I41) -> 583231 | J42: =SUM(J5:J41) -> 440288 | ... W42: =SUM(W5:W41) -> 14575

Sheet 22aTeacherPostUC
B1: Table 22a. | C1: Post-Wise Number of Teachers in Universities & its Colleges (Based on actual Response) | I1: =C1 -> Post-Wise Number of Teachers in Universities & its Colleges (Based on actual Response) | O1: =I1 -> Post-Wise Number of Teachers in Universities & its Colleges (Based on actual Response)
A2: Sl. No. | B2: State/UTs | C2: Professor & Equivalent | F2: Reader & Associate Professor | I2: Lecturer/ Assistant Professor | L2: Demonstrator/ Tutor | O2: Temporary Teacher etc | R2: Grand Total | U2: Visiting Teacher
C3: Male | D3: Female | E3: Total | F3: Male | G3: Female | H3: Total | I3: Male | J3: Female | K3: Total | L3: Male | M3: Female | N3: Total | O3: Male | P3: Female | Q3: Total | R3: Male | S3: Female | T3: Total | U3: Male | V3: Female | W3: Total
A4: 1 | B4: 2 | C4: 3 | D4: 4 | E4: 5 | F4: 6 | G4: 7 | H4: 8 | I4: 9 | J4: 10 | K4: 11 | L4: 12 | M4: 13 | N4: 14 | O4: 15 | P4: 16 | Q4: 17 | R4: 18 | S4: 19 | T4: 20 | U4: 21 | V4: 22 | W4: 23
A5: 1 | B5: Andaman and Nicobar Islands | C5: 23 | D5: 2 | E5: 25 | F5: 51 | G5: 12 | H5: 63 | I5: 100 | J5: 48 | K5: 148 | L5: 12 | M5: 8 | N5: 20 | O5: 49 | P5: 111 | Q5: 160 | R5: 246 | S5: 204 | T5: 450 | U5: 11 | V5: 23 | W5: 34
A6: 2 | B6: Andhra Pradesh | C6: 5759 | D6: 1344 | E6: 7103 | F6: 5999 | G6: 2161 | H6: 8160 | I6: 39072 | J6: 22238 | K6: 61310 | L6: 576 | M6: 1591 | N6: 2167 | O6: 1532 | P6: 1135 | Q6: 2667 | R6: 53007 | S6: 28522 | T6: 81529 | U6: 69 | V6: 53 | W6: 122
A7: 3 | B7: Arunachal Pradesh | C7: 49 | D7: 7 | E7: 56 | F7: 88 | G7: 22 | H7: 110 | I7: 338 | J7: 338 | K7: 676 | L7: 16 | M7: 6 | N7: 22 | O7: 5 | P7: 0 | Q7: 5 | R7: 497 | S7: 374 | T7: 871 | U7: 1 | V7: 1 | W7: 2
A8: 4 | B8: Assam | C8: 629 | D8: 166 | E8: 795 | F8: 2068 | G8: 1241 | H8: 3309 | I8: 6832 | J8: 5114 | K8: 11946 | L8: 292 | M8: 217 | N8: 509 | O8: 680 | P8: 849 | Q8: 1529 | R8: 10511 | S8: 7599 | T8: 18110 | U8: 10 | V8: 12 | W8: 22
A9: 5 | B9: Bihar | C9: 1249 | D9: 281 | E9: 1530 | F9: 2828 | G9: 641 | H9: 3469 | I9: 13894 | J9: 3776 | K9: 17670 | L9: 322 | M9: 129 | N9: 451 | O9: 496 | P9: 219 | Q9: 715 | R9: 18927 | S9: 5096 | T9: 24023 | U9: 138 | V9: 50 | W9: 188
A10: 6 | B10: Chandigarh | C10: 75 | D10: 59 | E10: 134 | F10: 125 | G10: 248 | H10: 373 | I10: 321 | J10: 884 | K10: 1205 | L10: 9 | M10: 8 | N10: 17 | O10: 39 | P10: 133 | Q10: 172 | R10: 570 | S10: 1334 | T10: 1904 | U10: 1 | V10: 2 | W10: 3
A11: 7 | B11: Chhattisgarh | C11: 935 | D11: 530 | E11: 1465 | F11: 712 | G11: 524 | H11: 1236 | I11: 6266 | J11: 5850 | K11: 12116 | L11: 501 | M11: 1521 | N11: 2022 | O11: 992 | P11: 995 | Q11: 1987 | R11: 9497 | S11: 9506 | T11: 19003 | U11: 91 | V11: 86 | W11: 177
A12: 8 | B12: Dadra and Nagar Haveli | C12: 6 | D12: 3 | E12: 9 | F12: 5 | G12: 4 | H12: 9 | I12: 97 | J12: 97 | K12: 194 | L12: 3 | M12: 7 | N12: 10 | O12: 0 | P12: 0 | Q12: 0 | R12: 111 | S12: 112 | T12: 223 | U12: 0 | V12: 1 | W12: 1
A13: 9 | B13: Daman and Diu | C13: 11 | D13: 6 | E13: 17 | F13: 20 | G13: 10 | H13: 30 | I13: 112 | J13: 43 | K13: 155 | L13: 3 | M13: 40 | N13: 43 | O13: 12 | P13: 3 | Q13: 15 | R13: 163 | S13: 109 | T13: 272 | U13: 5 | V13: 7 | W13: 12
A14: 10 | B14: Delhi | C14: 611 | D14: 491 | E14: 1102 | F14: 962 | G14: 1880 | H14: 2842 | I14: 3102 | J14: 5275 | K14: 8377 | L14: 125 | M14: 207 | N14: 332 | O14: 350 | P14: 632 | Q14: 982 | R14: 5178 | S14: 8507 | T14: 13685 | U14: 28 | V14: 22 | W14: 50
A15: 11 | B15: Goa | C15: 106 | D15: 40 | E15: 146 | F15: 225 | G15: 265 | H15: 490 | I15: 587 | J15: 1182 | K15: 1769 | L15: 14 | M15: 42 | N15: 56 | O15: 43 | P15: 138 | Q15: 181 | R15: 997 | S15: 1725 | T15: 2722 | U15: 22 | V15: 58 | W15: 80
